season,episode_num_in_season,episode_num_overall,title,directed_by,written_by,original_air_date,us_viewers
1,1,1,Pilot,Greg Daniels,Greg Daniels & Michael Schur,4/9/2009,6770000
1,2,2,Canvassing,Seth Gordon,Rachel Axler,4/16/2009,5920000
1,3,3,The Reporter,Jeffrey Blitz,Dan Goor,4/23/2009,5240000
1,4,4,Boys' Club,Michael McCullers,Alan Yang,4/30/2009,5290000
1,5,5,The Banquet,Beth McCarthy-Miller,Tucker Cawley,5/7/2009,4640000
1,6,6,Rock Show,Michael Schur,Norm Hiscock,5/14/2009,4250000
2,1,7,Pawnee Zoo,Paul Feig,Norm Hiscock,9/17/2009,5000000
2,2,8,The Stakeout,Seth Gordon,Rachel Axler,9/24/2009,4220000
2,3,9,Beauty Pageant,Jason Woliner,Katie Dippold,10/1/2009,4630000
2,4,10,Practice Date,Alex Hardcastle,Harris Wittels,10/8/2009,4970000
2,5,11,Sister City,Michael Schur,Alan Yang,10/15/2009,4690000
2,6,12,Kaboom,Charles McDougall,Aisha Muharrar,10/22/2009,4980000
2,7,13,Greg Pikitis,Dean Holland,Michael Schur,10/29/2009,4960000
2,8,14,Ron and Tammy,Troy Miller,Mike Scully,11/5/2009,4940000
2,9,15,The Camel,Millicent Shelton,Rachel Axler,11/12/2009,4670000
2,10,16,Hunting Trip,Greg Daniels,Dan Goor,11/19/2009,4610000
2,11,17,Tom's Divorce,Troy Miller,Harris Wittels,12/3/2009,4830000
2,12,18,Christmas Scandal,Randall Einhorn,Michael Schur,12/10/2009,4900000
2,13,19,The Set Up,Troy Miller,Katie Dippold,1/14/2010,4590000
2,14,20,Leslie's House,Alex Hardcastle,Dan Goor,1/21/2010,4350000
2,15,21,Sweetums,Dean Holland,Alan Yang,2/4/2010,4870000
2,16,22,Galentine's Day,Ken Kwapis,Michael Schur,2/11/2010,4980000
2,17,23,Woman of the Year,Jason Woliner,Norm Hiscock,3/4/2010,4640000
2,18,24,The Possum,Tristram Shapeero,Mike Scully,3/11/2010,4610000
2,19,25,Park Safety,Michael Trim,Aisha Muharrar,3/18/2010,4700000
2,20,26,Summer Catalog,Ken Whittingham,Katie Dippold,3/25/2010,4490000
2,21,27,94 Meetings,Tristram Shapeero,Harris Wittels,4/29/2010,4030000.0000000005
2,22,28,Telethon,Troy Miller,Amy Poehler,5/6/2010,4030000.0000000005
2,23,29,The Master Plan,Dean Holland,Michael Schur,5/13/2010,4280000
2,24,30,Freddy Spaghetti,Jason Woliner,Dan Goor,5/20/2010,4550000
3,1,31,Go Big or Go Home,Dean Holland,Alan Yang,1/20/2011,6140000
3,2,32,Flu Season,Wendey Stanzler,Norm Hiscock,1/27/2011,5830000
3,3,33,Time Capsule,Michael Schur,Michael Schur,2/3/2011,4950000
3,4,34,Ron & Tammy 2,Tucker Gates,Emily Kapnek,2/10/2011,5030000
3,5,35,Media Blitz,David Rogers,Harris Wittels,2/17/2011,4330000
3,6,36,Indianapolis,Randall Einhorn,Katie Dippold,2/24/2011,4590000
3,7,37,Harvest Festival,Dean Holland,Dan Goor,3/17/2011,4080000
3,8,38,Camping,Rob Schrab,Aisha Muharrar,3/24/2011,5150000
3,9,39,Andy and April's Fancy Party,Michael Trim,Katie Dippold,4/14/2011,5160000
3,10,40,Soulmates,Ken Whittingham,Alan Yang,4/21/2011,4880000
3,11,41,Jerry's Painting,Dean Holland,Norm Hiscock,4/28/2011,4710000
3,12,42,Eagleton,Nicole Holofcener,Emily Spivey,5/5/2011,5060000
3,13,43,The Fight,Randall Einhorn,Amy Poehler,5/12/2011,4550000
3,14,44,Road Trip,Troy Miller,Harris Wittels,5/12/2011,3540000
3,15,45,The Bubble,Matt Sohn,Greg Levine & Brian Rowe,5/19/2011,4270000
3,16,46,Li'l Sebastian,Dean Holland,Dan Goor,5/19/2011,3720000
4,1,47,I'm Leslie Knope,Troy Miller,Dan Goor,9/22/2011,4110000.0000000005
4,2,48,Ron and Tammys,Randall Einhorn,Norm Hiscock,9/29/2011,4330000
4,3,49,Born and Raised,Dean Holland,Aisha Muharrar,10/6/2011,4150000.0000000005
4,4,50,Pawnee Rangers,Charles McDougall,Alan Yang,10/13/2011,3990000
4,5,51,Meet 'N' Greet,Wendey Stanzler,Katie Dippold,10/27/2011,3900000
4,6,52,End of the World,Dean Holland,Michael Schur,11/3/2011,4000000
4,7,53,The Treaty,Jorma Taccone,Harris Wittels,11/10/2011,3660000
4,8,54,Smallest Park,Nicole Holofcener,Chelsea Peretti,11/17/2011,3680000
4,9,55,The Trial of Leslie Knope,Dean Holland,Dan Goor & Michael Schur,12/1/2011,3690000
4,10,56,Citizen Knope,Randall Einhorn,Dave King,12/8/2011,3640000
4,11,57,The Comeback Kid,Tucker Gates,Mike Scully,1/12/2012,4090000
4,12,58,Campaign Ad,Dean Holland,Alan Yang,1/19/2012,4250000
4,13,59,Bowling for Votes,Michael Trim,Katie Dippold,1/26/2012,3490000
4,14,60,Operation Ann,Morgan Sackett,Aisha Muharrar,2/2/2012,3600000
4,15,61,Dave Returns,Robert B. Weide,Harris Wittels,2/16/2012,3450000
4,16,62,Sweet Sixteen,Michael Schur,Norm Hiscock,2/23/2012,3430000
4,17,63,Campaign Shake-Up,Dan Goor,Dan Goor,3/1/2012,3770000
4,18,64,Lucky,Troy Miller,Nick Offerman,3/8/2012,3660000
4,19,65,Live Ammo,Tristram Shapeero,Dave King & Chelsea Peretti,4/19/2012,3460000
4,20,66,The Debate,Amy Poehler,Amy Poehler,4/26/2012,3170000
4,21,67,Bus Tour,Dean Holland,Aisha Muharrar & Alan Yang,5/3/2012,3260000
4,22,68,"Win, Lose or Draw",Michael Schur,Michael Schur,5/10/2012,3420000
5,1,69,Ms. Knope Goes to Washington,Dean Holland,Aisha Muharrar,9/20/2012,3500000
5,2,70,Soda Tax,Kyle Newacheck,Norm Hiscock,9/27/2012,3270000
5,3,71,How a Bill Becomes a Law,Ken Whittingham,Dan Goor,10/4/2012,3530000
5,4,72,Sex Education,Craig Zisk,Alan Yang,10/18/2012,3460000
5,5,73,Halloween Surprise,Dean Holland,Michael Schur,10/25/2012,3340000
5,6,74,Ben's Parents,Dean Holland,Greg Levine,11/8/2012,3460000
5,7,75,Leslie vs. April,Wendey Stanzler,Harris Wittels,11/15/2012,3520000
5,8,76,Pawnee Commons,Morgan Sackett,Alexandra Rushfield,11/29/2012,2990000
5,9,77,Ron and Diane,Dan Goor,Megan Amram & Aisha Muharrar,12/6/2012,3270000
5,10,78,Two Parties,Dean Holland,Dave King,1/17/2013,3920000
5,11,79,Women in Garbage,Norm Hiscock,Harris Wittels,1/24/2013,3940000
5,12,80,Ann's Decision,Ken Whittingham,Nate DiMeo,2/7/2013,3760000
5,13,81,Emergency Response,Dean Holland,Norm Hiscock & Joe Mande,2/14/2013,3180000
5,14,82,Leslie and Ben,Craig Zisk,Michael Schur & Alan Yang,2/21/2013,3070000
5,15,83,Correspondents' Lunch,Nick Offerman,Alexandra Rushfield,2/21/2013,2950000
5,16,84,Bailout,Craig Zisk,Joe Mande,3/14/2013,3000000
5,17,85,Partridge,Tristram Shapeero,Dave King,4/4/2013,2930000
5,18,86,Animal Control,Craig Zisk,Megan Amram,4/11/2013,3150000
5,19,87,Article Two,Amy Poehler,Matt Murray,4/18/2013,3350000
5,20,88,Jerry's Retirement,Nicole Holofcener,Norm Hiscock & Aisha Muharrar,4/18/2013,3340000
5,21,89,Swing Vote,Alan Yang,Joe Mande & Alan Yang,4/25/2013,2590000
5,22,90,Are You Better Off?,Dean Holland,Michael Schur,5/2/2013,2990000
6,1,91,London: Part 1,Dean Holland,Michael Schur,9/26/2013,3270000
6,2,92,London: Part 2,Dean Holland,Michael Schur,9/26/2013,3270000
6,3,93,The Pawnee-Eagleton Tip Off Classic,Nicole Holofcener,Alan Yang,10/3/2013,3140000
6,4,94,Doppelgängers,Jay Karas,Donick Cary,10/10/2013,3230000
6,5,95,Gin It Up!,Jorma Taccone,Matt Murray,10/17/2013,3270000
6,6,96,Filibuster,Morgan Sackett,Harris Wittels,11/14/2013,3030000
6,7,97,Recall Vote,Wendey Stanzler,Aisha Muharrar,11/14/2013,3030000
6,8,98,Fluoride,Michael Trim,Matt Hubbard,11/21/2013,2810000
6,9,99,The Cones of Dunshire,Julie Anne Robinson,Dave King,11/21/2013,2810000
6,10,100,Second Chunce,Dean Holland,Amy Poehler & Michael Schur,1/9/2014,3430000
6,11,101,New Beginnings,Alan Yang,Sam Means,1/16/2014,3050000
6,12,102,Farmers Market,Adam Scott,Joe Mande,1/23/2014,2980000
6,13,103,Ann and Chris,Dean Holland,Aisha Muharrar & Michael Schur,1/30/2014,3030000
6,14,104,Anniversaries,Morgan Sackett,Megan Amram,2/27/2014,2520000
6,15,105,The Wall,Ken Whittingham,Jen Statsky,3/6/2014,2950000
6,16,106,New Slogan,Dean Holland,Alan Yang & Sam Means,3/13/2014,2720000
6,17,107,Galentine's Day,Beth McCarthy-Miller,Emma Fletcher & Rachna Fruchbom,3/20/2014,3050000
6,18,108,Prom,Ken Whittingham,Matt Murray & Harris Wittels,4/3/2014,2670000
6,19,109,Flu Season 2,Nick Offerman,Megan Amram & Dave King,4/10/2014,2560000
6,20,110,"One in 8,000",Dean Holland,Donick Cary & Joe Mande,4/17/2014,2390000
6,21,111,Moving Up: Part 1,Michael Schur,Aisha Muharrar & Alan Yang,4/24/2014,2710000
6,22,112,Moving Up: Part 2,Michael Schur,Aisha Muharrar & Alan Yang,4/24/2014,2710000
7,1,113,2017,Dean Holland,Alan Yang & Matt Murray,1/13/2015,3750000
7,2,114,Ron & Jammy,Dean Holland,Harris Wittels,1/13/2015,3250000
7,3,115,William Henry Harrison,Tom Magill,Megan Amram,1/20/2015,3870000
7,4,116,Leslie and Ron,Beth McCarthy-Miller,Michael Schur,1/20/2015,3300000
7,5,117,Gryzzlbox,Amy Poehler,Donick Cary,1/27/2015,3480000
7,6,118,Save JJ's,Ken Whittingham,Joe Mande,1/27/2015,2970000
7,7,119,Donna and Joe,Ken Whittingham,Aisha Muharrar,2/3/2015,3450000
7,8,120,Ms. Ludgate-Dwyer Goes to Washington,Morgan Sackett,Dave King,2/3/2015,3060000
7,9,121,Pie-Mary,Greg Daniels,Emma Fletcher & Rachna Fruchbom,2/10/2015,2470000
7,10,122,The Johnny Karate Super Awesome Musical Explosion Show,Dean Holland,Matt Hubbard,2/10/2015,2940000
7,11,123,Two Funerals,Craig Zisk,Jen Statsky,2/17/2015,2470000
7,12,124,One Last Ride,Michael Schur,Michael Schur & Amy Poehler,2/24/2015,4150000.0000000005
7,13,125,One Last Ride,Michael Schur,Michael Schur & Amy Poehler,2/24/2015,4150000.0000000005
