PersonID,Season Number,Episode number,First name,Last name,Job title
1,7,12,Amy,Poehler,Cast
1,7,11,Amy,Poehler,Cast
1,7,9,Amy,Poehler,Cast
1,7,10,Amy,Poehler,Cast
1,7,8,Amy,Poehler,Cast
1,7,7,Amy,Poehler,Cast
1,7,6,Amy,Poehler,Cast
1,7,5,Amy,Poehler,Cast
1,7,4,Amy,Poehler,Cast
1,7,3,Amy,Poehler,Cast
1,7,2,Amy,Poehler,Cast
1,7,1,Amy,Poehler,Cast
1,6,22,Amy,Poehler,Cast
1,6,21,Amy,Poehler,Cast
1,,,Amy,Poehler,Cast
1,6,19,Amy,Poehler,Cast
1,6,18,Amy,Poehler,Cast
1,2,16,Amy,Poehler,Cast
1,6,16,Amy,Poehler,Cast
1,6,15,Amy,Poehler,Cast
1,6,14,Amy,Poehler,Cast
1,6,13,Amy,Poehler,Cast
1,6,12,Amy,Poehler,Cast
1,6,11,Amy,Poehler,Cast
1,6,10,Amy,Poehler,Cast
1,6,9,Amy,Poehler,Cast
1,6,8,Amy,Poehler,Cast
1,6,7,Amy,Poehler,Cast
1,6,6,Amy,Poehler,Cast
1,6,5,Amy,Poehler,Cast
1,6,4,Amy,Poehler,Cast
1,6,3,Amy,Poehler,Cast
1,6,2,Amy,Poehler,Cast
1,6,1,Amy,Poehler,Cast
1,5,22,Amy,Poehler,Cast
1,5,21,Amy,Poehler,Cast
1,5,20,Amy,Poehler,Cast
1,5,19,Amy,Poehler,Cast
1,5,18,Amy,Poehler,Cast
1,5,17,Amy,Poehler,Cast
1,5,16,Amy,Poehler,Cast
1,5,14,Amy,Poehler,Cast
1,5,15,Amy,Poehler,Cast
1,5,13,Amy,Poehler,Cast
1,5,12,Amy,Poehler,Cast
1,5,11,Amy,Poehler,Cast
1,5,10,Amy,Poehler,Cast
1,5,9,Amy,Poehler,Cast
1,5,8,Amy,Poehler,Cast
1,5,7,Amy,Poehler,Cast
1,5,6,Amy,Poehler,Cast
1,5,5,Amy,Poehler,Cast
1,5,4,Amy,Poehler,Cast
1,5,3,Amy,Poehler,Cast
1,5,2,Amy,Poehler,Cast
1,5,1,Amy,Poehler,Cast
1,,,Amy,Poehler,Cast
1,4,21,Amy,Poehler,Cast
1,4,20,Amy,Poehler,Cast
1,4,19,Amy,Poehler,Cast
1,4,18,Amy,Poehler,Cast
1,4,17,Amy,Poehler,Cast
1,4,16,Amy,Poehler,Cast
1,4,15,Amy,Poehler,Cast
1,4,14,Amy,Poehler,Cast
1,4,13,Amy,Poehler,Cast
1,4,12,Amy,Poehler,Cast
1,4,11,Amy,Poehler,Cast
1,4,10,Amy,Poehler,Cast
1,4,9,Amy,Poehler,Cast
1,4,8,Amy,Poehler,Cast
1,4,7,Amy,Poehler,Cast
1,4,6,Amy,Poehler,Cast
1,4,5,Amy,Poehler,Cast
1,4,4,Amy,Poehler,Cast
1,4,3,Amy,Poehler,Cast
1,4,2,Amy,Poehler,Cast
1,4,1,Amy,Poehler,Cast
1,3,16,Amy,Poehler,Cast
1,3,15,Amy,Poehler,Cast
1,3,14,Amy,Poehler,Cast
1,3,13,Amy,Poehler,Cast
1,3,12,Amy,Poehler,Cast
1,3,11,Amy,Poehler,Cast
1,3,10,Amy,Poehler,Cast
1,3,9,Amy,Poehler,Cast
1,3,8,Amy,Poehler,Cast
1,3,7,Amy,Poehler,Cast
1,3,6,Amy,Poehler,Cast
1,3,5,Amy,Poehler,Cast
1,3,4,Amy,Poehler,Cast
1,3,3,Amy,Poehler,Cast
1,3,2,Amy,Poehler,Cast
1,3,1,Amy,Poehler,Cast
1,2,24,Amy,Poehler,Cast
1,2,23,Amy,Poehler,Cast
1,2,22,Amy,Poehler,Cast
1,2,21,Amy,Poehler,Cast
1,2,20,Amy,Poehler,Cast
1,2,19,Amy,Poehler,Cast
1,2,18,Amy,Poehler,Cast
1,2,17,Amy,Poehler,Cast
1,2,16,Amy,Poehler,Cast
1,2,15,Amy,Poehler,Cast
1,2,14,Amy,Poehler,Cast
1,2,13,Amy,Poehler,Cast
1,2,12,Amy,Poehler,Cast
1,2,11,Amy,Poehler,Cast
1,2,10,Amy,Poehler,Cast
1,2,9,Amy,Poehler,Cast
1,2,8,Amy,Poehler,Cast
1,2,7,Amy,Poehler,Cast
1,2,6,Amy,Poehler,Cast
1,2,5,Amy,Poehler,Cast
1,2,4,Amy,Poehler,Cast
1,2,3,Amy,Poehler,Cast
1,2,2,Amy,Poehler,Cast
1,2,1,Amy,Poehler,Cast
1,1,6,Amy,Poehler,Cast
1,1,5,Amy,Poehler,Cast
1,1,4,Amy,Poehler,Cast
1,1,3,Amy,Poehler,Cast
1,1,2,Amy,Poehler,Cast
1,1,1,Amy,Poehler,Cast
2,7,12,Aubrey,Plaza,Cast
2,7,11,Aubrey,Plaza,Cast
2,7,9,Aubrey,Plaza,Cast
2,7,10,Aubrey,Plaza,Cast
2,7,8,Aubrey,Plaza,Cast
2,7,7,Aubrey,Plaza,Cast
2,7,6,Aubrey,Plaza,Cast
2,7,5,Aubrey,Plaza,Cast
2,7,4,Aubrey,Plaza,Cast
2,7,3,Aubrey,Plaza,Cast
2,7,2,Aubrey,Plaza,Cast
2,7,1,Aubrey,Plaza,Cast
2,6,22,Aubrey,Plaza,Cast
2,6,21,Aubrey,Plaza,Cast
2,,,Aubrey,Plaza,Cast
2,6,19,Aubrey,Plaza,Cast
2,6,18,Aubrey,Plaza,Cast
2,2,16,Aubrey,Plaza,Cast
2,6,16,Aubrey,Plaza,Cast
2,6,15,Aubrey,Plaza,Cast
2,6,14,Aubrey,Plaza,Cast
2,6,13,Aubrey,Plaza,Cast
2,6,12,Aubrey,Plaza,Cast
2,6,11,Aubrey,Plaza,Cast
2,6,10,Aubrey,Plaza,Cast
2,6,9,Aubrey,Plaza,Cast
2,6,8,Aubrey,Plaza,Cast
2,6,7,Aubrey,Plaza,Cast
2,6,6,Aubrey,Plaza,Cast
2,6,5,Aubrey,Plaza,Cast
2,6,4,Aubrey,Plaza,Cast
2,6,3,Aubrey,Plaza,Cast
2,6,2,Aubrey,Plaza,Cast
2,6,1,Aubrey,Plaza,Cast
2,5,22,Aubrey,Plaza,Cast
2,5,21,Aubrey,Plaza,Cast
2,5,20,Aubrey,Plaza,Cast
2,5,19,Aubrey,Plaza,Cast
2,5,18,Aubrey,Plaza,Cast
2,5,17,Aubrey,Plaza,Cast
2,5,16,Aubrey,Plaza,Cast
2,5,14,Aubrey,Plaza,Cast
2,5,15,Aubrey,Plaza,Cast
2,5,13,Aubrey,Plaza,Cast
2,5,12,Aubrey,Plaza,Cast
2,5,11,Aubrey,Plaza,Cast
2,5,10,Aubrey,Plaza,Cast
2,5,9,Aubrey,Plaza,Cast
2,5,8,Aubrey,Plaza,Cast
2,5,7,Aubrey,Plaza,Cast
2,5,6,Aubrey,Plaza,Cast
2,5,5,Aubrey,Plaza,Cast
2,5,4,Aubrey,Plaza,Cast
2,5,3,Aubrey,Plaza,Cast
2,5,2,Aubrey,Plaza,Cast
2,5,1,Aubrey,Plaza,Cast
2,,,Aubrey,Plaza,Cast
2,4,21,Aubrey,Plaza,Cast
2,4,20,Aubrey,Plaza,Cast
2,4,19,Aubrey,Plaza,Cast
2,4,18,Aubrey,Plaza,Cast
2,4,17,Aubrey,Plaza,Cast
2,4,16,Aubrey,Plaza,Cast
2,4,15,Aubrey,Plaza,Cast
2,4,14,Aubrey,Plaza,Cast
2,4,13,Aubrey,Plaza,Cast
2,4,12,Aubrey,Plaza,Cast
2,4,11,Aubrey,Plaza,Cast
2,4,10,Aubrey,Plaza,Cast
2,4,9,Aubrey,Plaza,Cast
2,4,8,Aubrey,Plaza,Cast
2,4,7,Aubrey,Plaza,Cast
2,4,6,Aubrey,Plaza,Cast
2,4,5,Aubrey,Plaza,Cast
2,4,4,Aubrey,Plaza,Cast
2,4,3,Aubrey,Plaza,Cast
2,4,2,Aubrey,Plaza,Cast
2,4,1,Aubrey,Plaza,Cast
2,3,16,Aubrey,Plaza,Cast
2,3,15,Aubrey,Plaza,Cast
2,3,14,Aubrey,Plaza,Cast
2,3,13,Aubrey,Plaza,Cast
2,3,12,Aubrey,Plaza,Cast
2,3,11,Aubrey,Plaza,Cast
2,3,10,Aubrey,Plaza,Cast
2,3,9,Aubrey,Plaza,Cast
2,3,8,Aubrey,Plaza,Cast
2,3,7,Aubrey,Plaza,Cast
2,3,6,Aubrey,Plaza,Cast
2,3,5,Aubrey,Plaza,Cast
2,3,4,Aubrey,Plaza,Cast
2,3,3,Aubrey,Plaza,Cast
2,3,2,Aubrey,Plaza,Cast
2,3,1,Aubrey,Plaza,Cast
2,2,24,Aubrey,Plaza,Cast
2,2,23,Aubrey,Plaza,Cast
2,2,22,Aubrey,Plaza,Cast
2,2,21,Aubrey,Plaza,Cast
2,2,20,Aubrey,Plaza,Cast
2,2,19,Aubrey,Plaza,Cast
2,2,18,Aubrey,Plaza,Cast
2,2,17,Aubrey,Plaza,Cast
2,2,16,Aubrey,Plaza,Cast
2,2,15,Aubrey,Plaza,Cast
2,2,14,Aubrey,Plaza,Cast
2,2,13,Aubrey,Plaza,Cast
2,2,12,Aubrey,Plaza,Cast
2,2,11,Aubrey,Plaza,Cast
2,2,10,Aubrey,Plaza,Cast
2,2,9,Aubrey,Plaza,Cast
2,2,8,Aubrey,Plaza,Cast
2,2,7,Aubrey,Plaza,Cast
2,2,6,Aubrey,Plaza,Cast
2,2,5,Aubrey,Plaza,Cast
2,2,4,Aubrey,Plaza,Cast
2,2,3,Aubrey,Plaza,Cast
2,2,2,Aubrey,Plaza,Cast
2,2,1,Aubrey,Plaza,Cast
2,1,6,Aubrey,Plaza,Cast
2,1,5,Aubrey,Plaza,Cast
2,1,4,Aubrey,Plaza,Cast
2,1,3,Aubrey,Plaza,Cast
2,1,2,Aubrey,Plaza,Cast
2,1,1,Aubrey,Plaza,Cast
3,7,12,Nick,Offerman,Cast
3,7,11,Nick,Offerman,Cast
3,7,9,Nick,Offerman,Cast
3,7,10,Nick,Offerman,Cast
3,7,8,Nick,Offerman,Cast
3,7,7,Nick,Offerman,Cast
3,7,6,Nick,Offerman,Cast
3,7,5,Nick,Offerman,Cast
3,7,4,Nick,Offerman,Cast
3,7,3,Nick,Offerman,Cast
3,7,2,Nick,Offerman,Cast
3,7,1,Nick,Offerman,Cast
3,6,22,Nick,Offerman,Cast
3,6,21,Nick,Offerman,Cast
3,,,Nick,Offerman,Cast
3,6,19,Nick,Offerman,Cast
3,6,18,Nick,Offerman,Cast
3,2,16,Nick,Offerman,Cast
3,6,16,Nick,Offerman,Cast
3,6,15,Nick,Offerman,Cast
3,6,14,Nick,Offerman,Cast
3,6,13,Nick,Offerman,Cast
3,6,12,Nick,Offerman,Cast
3,6,11,Nick,Offerman,Cast
3,6,10,Nick,Offerman,Cast
3,6,9,Nick,Offerman,Cast
3,6,8,Nick,Offerman,Cast
3,6,7,Nick,Offerman,Cast
3,6,6,Nick,Offerman,Cast
3,6,5,Nick,Offerman,Cast
3,6,4,Nick,Offerman,Cast
3,6,3,Nick,Offerman,Cast
3,6,2,Nick,Offerman,Cast
3,6,1,Nick,Offerman,Cast
3,5,22,Nick,Offerman,Cast
3,5,21,Nick,Offerman,Cast
3,5,20,Nick,Offerman,Cast
3,5,19,Nick,Offerman,Cast
3,5,18,Nick,Offerman,Cast
3,5,17,Nick,Offerman,Cast
3,5,16,Nick,Offerman,Cast
3,5,14,Nick,Offerman,Cast
3,5,15,Nick,Offerman,Cast
3,5,13,Nick,Offerman,Cast
3,5,12,Nick,Offerman,Cast
3,5,11,Nick,Offerman,Cast
3,5,10,Nick,Offerman,Cast
3,5,9,Nick,Offerman,Cast
3,5,8,Nick,Offerman,Cast
3,5,7,Nick,Offerman,Cast
3,5,6,Nick,Offerman,Cast
3,5,5,Nick,Offerman,Cast
3,5,4,Nick,Offerman,Cast
3,5,3,Nick,Offerman,Cast
3,5,2,Nick,Offerman,Cast
3,5,1,Nick,Offerman,Cast
3,,,Nick,Offerman,Cast
3,4,21,Nick,Offerman,Cast
3,4,20,Nick,Offerman,Cast
3,4,19,Nick,Offerman,Cast
3,4,18,Nick,Offerman,Cast
3,4,17,Nick,Offerman,Cast
3,4,16,Nick,Offerman,Cast
3,4,15,Nick,Offerman,Cast
3,4,14,Nick,Offerman,Cast
3,4,13,Nick,Offerman,Cast
3,4,12,Nick,Offerman,Cast
3,4,11,Nick,Offerman,Cast
3,4,10,Nick,Offerman,Cast
3,4,9,Nick,Offerman,Cast
3,4,8,Nick,Offerman,Cast
3,4,7,Nick,Offerman,Cast
3,4,6,Nick,Offerman,Cast
3,4,5,Nick,Offerman,Cast
3,4,4,Nick,Offerman,Cast
3,4,3,Nick,Offerman,Cast
3,4,2,Nick,Offerman,Cast
3,4,1,Nick,Offerman,Cast
3,3,16,Nick,Offerman,Cast
3,3,15,Nick,Offerman,Cast
3,3,14,Nick,Offerman,Cast
3,3,13,Nick,Offerman,Cast
3,3,12,Nick,Offerman,Cast
3,3,11,Nick,Offerman,Cast
3,3,10,Nick,Offerman,Cast
3,3,9,Nick,Offerman,Cast
3,3,8,Nick,Offerman,Cast
3,3,7,Nick,Offerman,Cast
3,3,6,Nick,Offerman,Cast
3,3,5,Nick,Offerman,Cast
3,3,4,Nick,Offerman,Cast
3,3,3,Nick,Offerman,Cast
3,3,2,Nick,Offerman,Cast
3,3,1,Nick,Offerman,Cast
3,2,24,Nick,Offerman,Cast
3,2,23,Nick,Offerman,Cast
3,2,22,Nick,Offerman,Cast
3,2,21,Nick,Offerman,Cast
3,2,20,Nick,Offerman,Cast
3,2,19,Nick,Offerman,Cast
3,2,18,Nick,Offerman,Cast
3,2,17,Nick,Offerman,Cast
3,2,16,Nick,Offerman,Cast
3,2,15,Nick,Offerman,Cast
3,2,14,Nick,Offerman,Cast
3,2,13,Nick,Offerman,Cast
3,2,12,Nick,Offerman,Cast
3,2,11,Nick,Offerman,Cast
3,2,10,Nick,Offerman,Cast
3,2,9,Nick,Offerman,Cast
3,2,8,Nick,Offerman,Cast
3,2,7,Nick,Offerman,Cast
3,2,6,Nick,Offerman,Cast
3,2,5,Nick,Offerman,Cast
3,2,4,Nick,Offerman,Cast
3,2,2,Nick,Offerman,Cast
3,2,1,Nick,Offerman,Cast
3,1,6,Nick,Offerman,Cast
3,1,5,Nick,Offerman,Cast
3,1,4,Nick,Offerman,Cast
3,1,3,Nick,Offerman,Cast
3,1,2,Nick,Offerman,Cast
3,1,1,Nick,Offerman,Cast
4,7,12,Jim,O'Heir,Cast
4,7,11,Jim,O'Heir,Cast
4,7,9,Jim,O'Heir,Cast
4,7,10,Jim,O'Heir,Cast
4,7,8,Jim,O'Heir,Cast
4,7,7,Jim,O'Heir,Cast
4,7,6,Jim,O'Heir,Cast
4,7,5,Jim,O'Heir,Cast
4,7,4,Jim,O'Heir,Cast
4,7,3,Jim,O'Heir,Cast
4,7,2,Jim,O'Heir,Cast
4,7,1,Jim,O'Heir,Cast
4,6,22,Jim,O'Heir,Cast
4,6,21,Jim,O'Heir,Cast
4,,,Jim,O'Heir,Cast
4,6,19,Jim,O'Heir,Cast
4,6,18,Jim,O'Heir,Cast
4,2,16,Jim,O'Heir,Cast
4,6,16,Jim,O'Heir,Cast
4,6,15,Jim,O'Heir,Cast
4,6,14,Jim,O'Heir,Cast
4,6,13,Jim,O'Heir,Cast
4,6,12,Jim,O'Heir,Cast
4,6,11,Jim,O'Heir,Cast
4,6,10,Jim,O'Heir,Cast
4,6,9,Jim,O'Heir,Cast
4,6,8,Jim,O'Heir,Cast
4,6,7,Jim,O'Heir,Cast
4,6,6,Jim,O'Heir,Cast
4,6,5,Jim,O'Heir,Cast
4,6,4,Jim,O'Heir,Cast
4,6,2,Jim,O'Heir,Cast
4,6,1,Jim,O'Heir,Cast
4,5,22,Jim,O'Heir,Cast
4,5,20,Jim,O'Heir,Cast
4,5,19,Jim,O'Heir,Cast
4,5,18,Jim,O'Heir,Cast
4,5,17,Jim,O'Heir,Cast
4,5,16,Jim,O'Heir,Cast
4,5,14,Jim,O'Heir,Cast
4,5,15,Jim,O'Heir,Cast
4,5,13,Jim,O'Heir,Cast
4,5,12,Jim,O'Heir,Cast
4,5,11,Jim,O'Heir,Cast
4,5,10,Jim,O'Heir,Cast
4,5,9,Jim,O'Heir,Cast
4,5,8,Jim,O'Heir,Cast
4,5,7,Jim,O'Heir,Cast
4,5,6,Jim,O'Heir,Cast
4,5,5,Jim,O'Heir,Cast
4,5,4,Jim,O'Heir,Cast
4,5,3,Jim,O'Heir,Cast
4,5,2,Jim,O'Heir,Cast
4,5,1,Jim,O'Heir,Cast
4,,,Jim,O'Heir,Cast
4,4,21,Jim,O'Heir,Cast
4,4,20,Jim,O'Heir,Cast
4,4,19,Jim,O'Heir,Cast
4,4,18,Jim,O'Heir,Cast
4,4,17,Jim,O'Heir,Cast
4,4,16,Jim,O'Heir,Cast
4,4,15,Jim,O'Heir,Cast
4,4,14,Jim,O'Heir,Cast
4,4,13,Jim,O'Heir,Cast
4,4,12,Jim,O'Heir,Cast
4,4,11,Jim,O'Heir,Cast
4,4,10,Jim,O'Heir,Cast
4,4,9,Jim,O'Heir,Cast
4,4,8,Jim,O'Heir,Cast
4,4,7,Jim,O'Heir,Cast
4,4,6,Jim,O'Heir,Cast
4,4,5,Jim,O'Heir,Cast
4,4,4,Jim,O'Heir,Cast
4,4,3,Jim,O'Heir,Cast
4,4,2,Jim,O'Heir,Cast
4,4,1,Jim,O'Heir,Cast
4,3,16,Jim,O'Heir,Cast
4,3,15,Jim,O'Heir,Cast
4,3,14,Jim,O'Heir,Cast
4,3,13,Jim,O'Heir,Cast
4,3,12,Jim,O'Heir,Cast
4,3,11,Jim,O'Heir,Cast
4,3,10,Jim,O'Heir,Cast
4,3,9,Jim,O'Heir,Cast
4,3,8,Jim,O'Heir,Cast
4,3,7,Jim,O'Heir,Cast
4,3,6,Jim,O'Heir,Cast
4,3,5,Jim,O'Heir,Cast
4,3,4,Jim,O'Heir,Cast
4,3,3,Jim,O'Heir,Cast
4,3,2,Jim,O'Heir,Cast
4,3,1,Jim,O'Heir,Cast
4,2,24,Jim,O'Heir,Cast
4,2,23,Jim,O'Heir,Cast
4,2,22,Jim,O'Heir,Cast
4,2,21,Jim,O'Heir,Cast
4,2,20,Jim,O'Heir,Cast
4,2,19,Jim,O'Heir,Cast
4,2,18,Jim,O'Heir,Cast
4,2,17,Jim,O'Heir,Cast
4,2,16,Jim,O'Heir,Cast
4,2,15,Jim,O'Heir,Cast
4,2,14,Jim,O'Heir,Cast
4,2,13,Jim,O'Heir,Cast
4,2,12,Jim,O'Heir,Cast
4,2,11,Jim,O'Heir,Cast
4,2,10,Jim,O'Heir,Cast
4,2,9,Jim,O'Heir,Cast
4,2,8,Jim,O'Heir,Cast
4,2,7,Jim,O'Heir,Cast
4,2,6,Jim,O'Heir,Cast
4,2,5,Jim,O'Heir,Cast
4,2,4,Jim,O'Heir,Cast
4,2,3,Jim,O'Heir,Cast
4,2,2,Jim,O'Heir,Cast
4,2,1,Jim,O'Heir,Cast
4,1,6,Jim,O'Heir,Cast
4,1,5,Jim,O'Heir,Cast
4,1,4,Jim,O'Heir,Cast
4,1,3,Jim,O'Heir,Cast
4,1,1,Jim,O'Heir,Cast
5,7,12,Aziz,Ansari,Cast
5,7,11,Aziz,Ansari,Cast
5,7,7,Aziz,Ansari,Cast
5,7,6,Aziz,Ansari,Cast
5,7,5,Aziz,Ansari,Cast
5,7,4,Aziz,Ansari,Cast
5,7,3,Aziz,Ansari,Cast
5,7,2,Aziz,Ansari,Cast
5,7,1,Aziz,Ansari,Cast
5,6,22,Aziz,Ansari,Cast
5,6,21,Aziz,Ansari,Cast
5,6,19,Aziz,Ansari,Cast
5,6,18,Aziz,Ansari,Cast
5,2,16,Aziz,Ansari,Cast
5,6,16,Aziz,Ansari,Cast
5,6,15,Aziz,Ansari,Cast
5,6,14,Aziz,Ansari,Cast
5,6,13,Aziz,Ansari,Cast
5,6,12,Aziz,Ansari,Cast
5,6,11,Aziz,Ansari,Cast
5,6,10,Aziz,Ansari,Cast
5,6,9,Aziz,Ansari,Cast
5,6,8,Aziz,Ansari,Cast
5,6,7,Aziz,Ansari,Cast
5,6,6,Aziz,Ansari,Cast
5,6,5,Aziz,Ansari,Cast
5,6,4,Aziz,Ansari,Cast
5,6,3,Aziz,Ansari,Cast
5,6,2,Aziz,Ansari,Cast
5,6,1,Aziz,Ansari,Cast
5,5,22,Aziz,Ansari,Cast
5,5,21,Aziz,Ansari,Cast
5,5,20,Aziz,Ansari,Cast
5,5,19,Aziz,Ansari,Cast
5,5,18,Aziz,Ansari,Cast
5,5,17,Aziz,Ansari,Cast
5,5,16,Aziz,Ansari,Cast
5,5,14,Aziz,Ansari,Cast
5,5,15,Aziz,Ansari,Cast
5,5,13,Aziz,Ansari,Cast
5,5,12,Aziz,Ansari,Cast
5,5,11,Aziz,Ansari,Cast
5,5,10,Aziz,Ansari,Cast
5,5,9,Aziz,Ansari,Cast
5,5,8,Aziz,Ansari,Cast
5,5,7,Aziz,Ansari,Cast
5,5,6,Aziz,Ansari,Cast
5,5,5,Aziz,Ansari,Cast
5,5,4,Aziz,Ansari,Cast
5,5,3,Aziz,Ansari,Cast
5,5,2,Aziz,Ansari,Cast
5,5,1,Aziz,Ansari,Cast
5,,,Aziz,Ansari,Cast
5,4,21,Aziz,Ansari,Cast
5,4,20,Aziz,Ansari,Cast
5,4,19,Aziz,Ansari,Cast
5,4,18,Aziz,Ansari,Cast
5,4,17,Aziz,Ansari,Cast
5,4,16,Aziz,Ansari,Cast
5,4,15,Aziz,Ansari,Cast
5,4,14,Aziz,Ansari,Cast
5,4,13,Aziz,Ansari,Cast
5,4,12,Aziz,Ansari,Cast
5,4,11,Aziz,Ansari,Cast
5,4,10,Aziz,Ansari,Cast
5,4,9,Aziz,Ansari,Cast
5,4,8,Aziz,Ansari,Cast
5,4,7,Aziz,Ansari,Cast
5,4,6,Aziz,Ansari,Cast
5,4,5,Aziz,Ansari,Cast
5,4,4,Aziz,Ansari,Cast
5,4,3,Aziz,Ansari,Cast
5,4,2,Aziz,Ansari,Cast
5,4,1,Aziz,Ansari,Cast
5,3,16,Aziz,Ansari,Cast
5,3,15,Aziz,Ansari,Cast
5,3,14,Aziz,Ansari,Cast
5,3,13,Aziz,Ansari,Cast
5,3,12,Aziz,Ansari,Cast
5,3,11,Aziz,Ansari,Cast
5,3,10,Aziz,Ansari,Cast
5,3,9,Aziz,Ansari,Cast
5,3,8,Aziz,Ansari,Cast
5,3,7,Aziz,Ansari,Cast
5,3,6,Aziz,Ansari,Cast
5,3,5,Aziz,Ansari,Cast
5,3,4,Aziz,Ansari,Cast
5,3,3,Aziz,Ansari,Cast
5,3,2,Aziz,Ansari,Cast
5,3,1,Aziz,Ansari,Cast
5,2,24,Aziz,Ansari,Cast
5,2,23,Aziz,Ansari,Cast
5,2,22,Aziz,Ansari,Cast
5,2,21,Aziz,Ansari,Cast
5,2,20,Aziz,Ansari,Cast
5,2,19,Aziz,Ansari,Cast
5,2,18,Aziz,Ansari,Cast
5,2,17,Aziz,Ansari,Cast
5,2,16,Aziz,Ansari,Cast
5,2,15,Aziz,Ansari,Cast
5,2,14,Aziz,Ansari,Cast
5,2,13,Aziz,Ansari,Cast
5,2,12,Aziz,Ansari,Cast
5,2,11,Aziz,Ansari,Cast
5,2,10,Aziz,Ansari,Cast
5,2,9,Aziz,Ansari,Cast
5,2,8,Aziz,Ansari,Cast
5,2,7,Aziz,Ansari,Cast
5,2,6,Aziz,Ansari,Cast
5,2,5,Aziz,Ansari,Cast
5,2,4,Aziz,Ansari,Cast
5,2,3,Aziz,Ansari,Cast
5,2,2,Aziz,Ansari,Cast
5,2,1,Aziz,Ansari,Cast
5,1,6,Aziz,Ansari,Cast
5,1,5,Aziz,Ansari,Cast
5,1,4,Aziz,Ansari,Cast
5,1,3,Aziz,Ansari,Cast
5,1,2,Aziz,Ansari,Cast
5,1,1,Aziz,Ansari,Cast
6,7,12,Retta,,Cast
6,7,11,Retta,,Cast
6,7,9,Retta,,Cast
6,7,10,Retta,,Cast
6,7,8,Retta,,Cast
6,7,7,Retta,,Cast
6,7,6,Retta,,Cast
6,7,5,Retta,,Cast
6,7,4,Retta,,Cast
6,7,3,Retta,,Cast
6,7,2,Retta,,Cast
6,7,1,Retta,,Cast
6,6,22,Retta,,Cast
6,6,21,Retta,,Cast
6,,,Retta,,Cast
6,6,19,Retta,,Cast
6,6,18,Retta,,Cast
6,2,16,Retta,,Cast
6,6,16,Retta,,Cast
6,6,15,Retta,,Cast
6,6,14,Retta,,Cast
6,6,13,Retta,,Cast
6,6,12,Retta,,Cast
6,6,11,Retta,,Cast
6,6,10,Retta,,Cast
6,6,9,Retta,,Cast
6,6,8,Retta,,Cast
6,6,7,Retta,,Cast
6,6,6,Retta,,Cast
6,6,5,Retta,,Cast
6,6,4,Retta,,Cast
6,6,3,Retta,,Cast
6,6,2,Retta,,Cast
6,6,1,Retta,,Cast
6,5,22,Retta,,Cast
6,5,21,Retta,,Cast
6,5,20,Retta,,Cast
6,5,19,Retta,,Cast
6,5,18,Retta,,Cast
6,5,17,Retta,,Cast
6,5,16,Retta,,Cast
6,5,14,Retta,,Cast
6,5,15,Retta,,Cast
6,5,13,Retta,,Cast
6,5,12,Retta,,Cast
6,5,11,Retta,,Cast
6,5,10,Retta,,Cast
6,5,9,Retta,,Cast
6,5,8,Retta,,Cast
6,5,7,Retta,,Cast
6,5,6,Retta,,Cast
6,5,5,Retta,,Cast
6,5,4,Retta,,Cast
6,5,3,Retta,,Cast
6,5,2,Retta,,Cast
6,5,1,Retta,,Cast
6,,,Retta,,Cast
6,4,21,Retta,,Cast
6,4,20,Retta,,Cast
6,4,19,Retta,,Cast
6,4,18,Retta,,Cast
6,4,17,Retta,,Cast
6,4,16,Retta,,Cast
6,4,15,Retta,,Cast
6,4,14,Retta,,Cast
6,4,13,Retta,,Cast
6,4,12,Retta,,Cast
6,4,11,Retta,,Cast
6,4,10,Retta,,Cast
6,4,9,Retta,,Cast
6,4,8,Retta,,Cast
6,4,7,Retta,,Cast
6,4,6,Retta,,Cast
6,4,5,Retta,,Cast
6,4,4,Retta,,Cast
6,4,3,Retta,,Cast
6,4,2,Retta,,Cast
6,4,1,Retta,,Cast
6,3,16,Retta,,Cast
6,3,15,Retta,,Cast
6,3,14,Retta,,Cast
6,3,13,Retta,,Cast
6,3,12,Retta,,Cast
6,3,11,Retta,,Cast
6,3,10,Retta,,Cast
6,3,9,Retta,,Cast
6,3,8,Retta,,Cast
6,3,7,Retta,,Cast
6,3,6,Retta,,Cast
6,3,5,Retta,,Cast
6,3,4,Retta,,Cast
6,3,3,Retta,,Cast
6,3,2,Retta,,Cast
6,3,1,Retta,,Cast
6,2,24,Retta,,Cast
6,2,23,Retta,,Cast
6,2,22,Retta,,Cast
6,2,20,Retta,,Cast
6,2,19,Retta,,Cast
6,2,18,Retta,,Cast
6,2,17,Retta,,Cast
6,2,16,Retta,,Cast
6,2,15,Retta,,Cast
6,2,13,Retta,,Cast
6,2,12,Retta,,Cast
6,2,11,Retta,,Cast
6,2,10,Retta,,Cast
6,2,9,Retta,,Cast
6,2,8,Retta,,Cast
6,2,6,Retta,,Cast
6,2,5,Retta,,Cast
6,2,4,Retta,,Cast
6,2,3,Retta,,Cast
6,2,2,Retta,,Cast
6,2,1,Retta,,Cast
6,1,5,Retta,,Cast
6,1,4,Retta,,Cast
6,1,3,Retta,,Cast
6,1,1,Retta,,Cast
7,7,12,Chris,Pratt,Cast
7,7,11,Chris,Pratt,Cast
7,7,9,Chris,Pratt,Cast
7,7,10,Chris,Pratt,Cast
7,7,8,Chris,Pratt,Cast
7,7,7,Chris,Pratt,Cast
7,7,6,Chris,Pratt,Cast
7,7,5,Chris,Pratt,Cast
7,7,4,Chris,Pratt,Cast
7,7,3,Chris,Pratt,Cast
7,7,2,Chris,Pratt,Cast
7,7,1,Chris,Pratt,Cast
7,6,22,Chris,Pratt,Cast
7,6,21,Chris,Pratt,Cast
7,,,Chris,Pratt,Cast
7,6,19,Chris,Pratt,Cast
7,6,18,Chris,Pratt,Cast
7,2,16,Chris,Pratt,Cast
7,6,16,Chris,Pratt,Cast
7,6,15,Chris,Pratt,Cast
7,6,14,Chris,Pratt,Cast
7,6,13,Chris,Pratt,Cast
7,6,12,Chris,Pratt,Cast
7,6,11,Chris,Pratt,Cast
7,6,10,Chris,Pratt,Cast
7,6,6,Chris,Pratt,Cast
7,6,2,Chris,Pratt,Cast
7,6,1,Chris,Pratt,Cast
7,5,22,Chris,Pratt,Cast
7,5,21,Chris,Pratt,Cast
7,5,20,Chris,Pratt,Cast
7,5,19,Chris,Pratt,Cast
7,5,18,Chris,Pratt,Cast
7,5,17,Chris,Pratt,Cast
7,5,16,Chris,Pratt,Cast
7,5,14,Chris,Pratt,Cast
7,5,15,Chris,Pratt,Cast
7,5,13,Chris,Pratt,Cast
7,5,12,Chris,Pratt,Cast
7,5,11,Chris,Pratt,Cast
7,5,10,Chris,Pratt,Cast
7,5,9,Chris,Pratt,Cast
7,5,8,Chris,Pratt,Cast
7,5,7,Chris,Pratt,Cast
7,5,6,Chris,Pratt,Cast
7,5,5,Chris,Pratt,Cast
7,5,4,Chris,Pratt,Cast
7,5,3,Chris,Pratt,Cast
7,5,2,Chris,Pratt,Cast
7,5,1,Chris,Pratt,Cast
7,,,Chris,Pratt,Cast
7,4,21,Chris,Pratt,Cast
7,4,20,Chris,Pratt,Cast
7,4,19,Chris,Pratt,Cast
7,4,18,Chris,Pratt,Cast
7,4,17,Chris,Pratt,Cast
7,4,16,Chris,Pratt,Cast
7,4,15,Chris,Pratt,Cast
7,4,14,Chris,Pratt,Cast
7,4,13,Chris,Pratt,Cast
7,4,12,Chris,Pratt,Cast
7,4,11,Chris,Pratt,Cast
7,4,10,Chris,Pratt,Cast
7,4,9,Chris,Pratt,Cast
7,4,8,Chris,Pratt,Cast
7,4,7,Chris,Pratt,Cast
7,4,6,Chris,Pratt,Cast
7,4,5,Chris,Pratt,Cast
7,4,4,Chris,Pratt,Cast
7,4,3,Chris,Pratt,Cast
7,4,2,Chris,Pratt,Cast
7,4,1,Chris,Pratt,Cast
7,3,16,Chris,Pratt,Cast
7,3,15,Chris,Pratt,Cast
7,3,14,Chris,Pratt,Cast
7,3,13,Chris,Pratt,Cast
7,3,12,Chris,Pratt,Cast
7,3,11,Chris,Pratt,Cast
7,3,10,Chris,Pratt,Cast
7,3,9,Chris,Pratt,Cast
7,3,8,Chris,Pratt,Cast
7,3,7,Chris,Pratt,Cast
7,3,6,Chris,Pratt,Cast
7,3,5,Chris,Pratt,Cast
7,3,4,Chris,Pratt,Cast
7,3,3,Chris,Pratt,Cast
7,3,2,Chris,Pratt,Cast
7,3,1,Chris,Pratt,Cast
7,2,24,Chris,Pratt,Cast
7,2,23,Chris,Pratt,Cast
7,2,22,Chris,Pratt,Cast
7,2,21,Chris,Pratt,Cast
7,2,20,Chris,Pratt,Cast
7,2,19,Chris,Pratt,Cast
7,2,18,Chris,Pratt,Cast
7,2,17,Chris,Pratt,Cast
7,2,16,Chris,Pratt,Cast
7,2,15,Chris,Pratt,Cast
7,2,14,Chris,Pratt,Cast
7,2,13,Chris,Pratt,Cast
7,2,12,Chris,Pratt,Cast
7,2,11,Chris,Pratt,Cast
7,2,10,Chris,Pratt,Cast
7,2,9,Chris,Pratt,Cast
7,2,8,Chris,Pratt,Cast
7,2,7,Chris,Pratt,Cast
7,2,6,Chris,Pratt,Cast
7,2,3,Chris,Pratt,Cast
7,2,2,Chris,Pratt,Cast
7,2,1,Chris,Pratt,Cast
7,1,6,Chris,Pratt,Cast
7,1,5,Chris,Pratt,Cast
7,1,4,Chris,Pratt,Cast
7,1,3,Chris,Pratt,Cast
7,1,2,Chris,Pratt,Cast
7,1,1,Chris,Pratt,Cast
8,7,12,Rashida,Jones,Cast
8,2,16,Rashida,Jones,Cast
8,6,13,Rashida,Jones,Cast
8,6,12,Rashida,Jones,Cast
8,6,11,Rashida,Jones,Cast
8,6,10,Rashida,Jones,Cast
8,6,7,Rashida,Jones,Cast
8,6,6,Rashida,Jones,Cast
8,6,4,Rashida,Jones,Cast
8,6,3,Rashida,Jones,Cast
8,6,2,Rashida,Jones,Cast
8,6,1,Rashida,Jones,Cast
8,5,22,Rashida,Jones,Cast
8,5,21,Rashida,Jones,Cast
8,5,20,Rashida,Jones,Cast
8,5,19,Rashida,Jones,Cast
8,5,18,Rashida,Jones,Cast
8,5,17,Rashida,Jones,Cast
8,5,16,Rashida,Jones,Cast
8,5,14,Rashida,Jones,Cast
8,5,15,Rashida,Jones,Cast
8,5,13,Rashida,Jones,Cast
8,5,12,Rashida,Jones,Cast
8,5,11,Rashida,Jones,Cast
8,5,10,Rashida,Jones,Cast
8,5,9,Rashida,Jones,Cast
8,5,8,Rashida,Jones,Cast
8,5,7,Rashida,Jones,Cast
8,5,6,Rashida,Jones,Cast
8,5,5,Rashida,Jones,Cast
8,5,4,Rashida,Jones,Cast
8,5,2,Rashida,Jones,Cast
8,5,1,Rashida,Jones,Cast
8,,,Rashida,Jones,Cast
8,4,21,Rashida,Jones,Cast
8,4,20,Rashida,Jones,Cast
8,4,19,Rashida,Jones,Cast
8,4,18,Rashida,Jones,Cast
8,4,17,Rashida,Jones,Cast
8,4,16,Rashida,Jones,Cast
8,4,15,Rashida,Jones,Cast
8,4,14,Rashida,Jones,Cast
8,4,13,Rashida,Jones,Cast
8,4,12,Rashida,Jones,Cast
8,4,11,Rashida,Jones,Cast
8,4,10,Rashida,Jones,Cast
8,4,9,Rashida,Jones,Cast
8,4,8,Rashida,Jones,Cast
8,4,7,Rashida,Jones,Cast
8,4,6,Rashida,Jones,Cast
8,4,5,Rashida,Jones,Cast
8,4,4,Rashida,Jones,Cast
8,4,3,Rashida,Jones,Cast
8,4,2,Rashida,Jones,Cast
8,4,1,Rashida,Jones,Cast
8,3,16,Rashida,Jones,Cast
8,3,15,Rashida,Jones,Cast
8,3,14,Rashida,Jones,Cast
8,3,13,Rashida,Jones,Cast
8,3,12,Rashida,Jones,Cast
8,3,11,Rashida,Jones,Cast
8,3,10,Rashida,Jones,Cast
8,3,9,Rashida,Jones,Cast
8,3,8,Rashida,Jones,Cast
8,3,7,Rashida,Jones,Cast
8,3,6,Rashida,Jones,Cast
8,3,5,Rashida,Jones,Cast
8,3,4,Rashida,Jones,Cast
8,3,3,Rashida,Jones,Cast
8,3,2,Rashida,Jones,Cast
8,3,1,Rashida,Jones,Cast
8,2,24,Rashida,Jones,Cast
8,2,23,Rashida,Jones,Cast
8,2,22,Rashida,Jones,Cast
8,2,21,Rashida,Jones,Cast
8,2,20,Rashida,Jones,Cast
8,2,19,Rashida,Jones,Cast
8,2,18,Rashida,Jones,Cast
8,2,16,Rashida,Jones,Cast
8,2,15,Rashida,Jones,Cast
8,2,14,Rashida,Jones,Cast
8,2,13,Rashida,Jones,Cast
8,2,12,Rashida,Jones,Cast
8,2,11,Rashida,Jones,Cast
8,2,10,Rashida,Jones,Cast
8,2,9,Rashida,Jones,Cast
8,2,8,Rashida,Jones,Cast
8,2,7,Rashida,Jones,Cast
8,2,6,Rashida,Jones,Cast
8,2,5,Rashida,Jones,Cast
8,2,4,Rashida,Jones,Cast
8,2,3,Rashida,Jones,Cast
8,2,2,Rashida,Jones,Cast
8,2,1,Rashida,Jones,Cast
8,1,6,Rashida,Jones,Cast
8,1,5,Rashida,Jones,Cast
8,1,4,Rashida,Jones,Cast
8,1,3,Rashida,Jones,Cast
8,1,2,Rashida,Jones,Cast
8,1,1,Rashida,Jones,Cast
9,7,12,Adam,Scott,Cast
9,7,11,Adam,Scott,Cast
9,7,9,Adam,Scott,Cast
9,7,10,Adam,Scott,Cast
9,7,8,Adam,Scott,Cast
9,7,7,Adam,Scott,Cast
9,7,6,Adam,Scott,Cast
9,7,5,Adam,Scott,Cast
9,7,4,Adam,Scott,Cast
9,7,3,Adam,Scott,Cast
9,7,2,Adam,Scott,Cast
9,7,1,Adam,Scott,Cast
9,6,22,Adam,Scott,Cast
9,6,21,Adam,Scott,Cast
9,,,Adam,Scott,Cast
9,6,19,Adam,Scott,Cast
9,6,18,Adam,Scott,Cast
9,2,16,Adam,Scott,Cast
9,6,16,Adam,Scott,Cast
9,6,15,Adam,Scott,Cast
9,6,14,Adam,Scott,Cast
9,6,13,Adam,Scott,Cast
9,6,12,Adam,Scott,Cast
9,6,11,Adam,Scott,Cast
9,6,10,Adam,Scott,Cast
9,6,9,Adam,Scott,Cast
9,6,8,Adam,Scott,Cast
9,6,7,Adam,Scott,Cast
9,6,6,Adam,Scott,Cast
9,6,5,Adam,Scott,Cast
9,6,4,Adam,Scott,Cast
9,6,3,Adam,Scott,Cast
9,6,2,Adam,Scott,Cast
9,6,1,Adam,Scott,Cast
9,5,22,Adam,Scott,Cast
9,5,21,Adam,Scott,Cast
9,5,20,Adam,Scott,Cast
9,5,19,Adam,Scott,Cast
9,5,18,Adam,Scott,Cast
9,5,17,Adam,Scott,Cast
9,5,16,Adam,Scott,Cast
9,5,14,Adam,Scott,Cast
9,5,15,Adam,Scott,Cast
9,5,13,Adam,Scott,Cast
9,5,12,Adam,Scott,Cast
9,5,11,Adam,Scott,Cast
9,5,10,Adam,Scott,Cast
9,5,9,Adam,Scott,Cast
9,5,8,Adam,Scott,Cast
9,5,7,Adam,Scott,Cast
9,5,6,Adam,Scott,Cast
9,5,5,Adam,Scott,Cast
9,5,4,Adam,Scott,Cast
9,5,3,Adam,Scott,Cast
9,5,2,Adam,Scott,Cast
9,5,1,Adam,Scott,Cast
9,,,Adam,Scott,Cast
9,4,21,Adam,Scott,Cast
9,4,20,Adam,Scott,Cast
9,4,19,Adam,Scott,Cast
9,4,18,Adam,Scott,Cast
9,4,17,Adam,Scott,Cast
9,4,16,Adam,Scott,Cast
9,4,15,Adam,Scott,Cast
9,4,14,Adam,Scott,Cast
9,4,13,Adam,Scott,Cast
9,4,12,Adam,Scott,Cast
9,4,11,Adam,Scott,Cast
9,4,10,Adam,Scott,Cast
9,4,9,Adam,Scott,Cast
9,4,8,Adam,Scott,Cast
9,4,7,Adam,Scott,Cast
9,4,6,Adam,Scott,Cast
9,4,5,Adam,Scott,Cast
9,4,4,Adam,Scott,Cast
9,4,3,Adam,Scott,Cast
9,4,2,Adam,Scott,Cast
9,4,1,Adam,Scott,Cast
9,3,16,Adam,Scott,Cast
9,3,15,Adam,Scott,Cast
9,3,14,Adam,Scott,Cast
9,3,13,Adam,Scott,Cast
9,3,12,Adam,Scott,Cast
9,3,11,Adam,Scott,Cast
9,3,10,Adam,Scott,Cast
9,3,9,Adam,Scott,Cast
9,3,8,Adam,Scott,Cast
9,3,7,Adam,Scott,Cast
9,3,6,Adam,Scott,Cast
9,3,5,Adam,Scott,Cast
9,3,4,Adam,Scott,Cast
9,3,3,Adam,Scott,Cast
9,3,2,Adam,Scott,Cast
9,3,1,Adam,Scott,Cast
9,2,24,Adam,Scott,Cast
9,2,23,Adam,Scott,Cast
10,7,12,Rob,Lowe,Cast
10,6,13,Rob,Lowe,Cast
10,6,12,Rob,Lowe,Cast
10,6,11,Rob,Lowe,Cast
10,6,10,Rob,Lowe,Cast
10,6,9,Rob,Lowe,Cast
10,6,8,Rob,Lowe,Cast
10,6,7,Rob,Lowe,Cast
10,6,6,Rob,Lowe,Cast
10,6,5,Rob,Lowe,Cast
10,6,4,Rob,Lowe,Cast
10,6,3,Rob,Lowe,Cast
10,6,2,Rob,Lowe,Cast
10,6,1,Rob,Lowe,Cast
10,5,22,Rob,Lowe,Cast
10,5,21,Rob,Lowe,Cast
10,5,20,Rob,Lowe,Cast
10,5,19,Rob,Lowe,Cast
10,5,18,Rob,Lowe,Cast
10,5,17,Rob,Lowe,Cast
10,5,16,Rob,Lowe,Cast
10,5,14,Rob,Lowe,Cast
10,5,15,Rob,Lowe,Cast
10,5,13,Rob,Lowe,Cast
10,5,12,Rob,Lowe,Cast
10,5,11,Rob,Lowe,Cast
10,5,10,Rob,Lowe,Cast
10,5,9,Rob,Lowe,Cast
10,5,8,Rob,Lowe,Cast
10,5,7,Rob,Lowe,Cast
10,5,6,Rob,Lowe,Cast
10,5,5,Rob,Lowe,Cast
10,5,4,Rob,Lowe,Cast
10,5,3,Rob,Lowe,Cast
10,5,2,Rob,Lowe,Cast
10,5,1,Rob,Lowe,Cast
10,,,Rob,Lowe,Cast
10,4,21,Rob,Lowe,Cast
10,4,20,Rob,Lowe,Cast
10,4,19,Rob,Lowe,Cast
10,4,18,Rob,Lowe,Cast
10,4,17,Rob,Lowe,Cast
10,4,16,Rob,Lowe,Cast
10,4,15,Rob,Lowe,Cast
10,4,14,Rob,Lowe,Cast
10,4,13,Rob,Lowe,Cast
10,4,12,Rob,Lowe,Cast
10,4,11,Rob,Lowe,Cast
10,4,10,Rob,Lowe,Cast
10,4,9,Rob,Lowe,Cast
10,4,8,Rob,Lowe,Cast
10,4,7,Rob,Lowe,Cast
10,4,6,Rob,Lowe,Cast
10,4,5,Rob,Lowe,Cast
10,4,4,Rob,Lowe,Cast
10,4,3,Rob,Lowe,Cast
10,4,2,Rob,Lowe,Cast
10,4,1,Rob,Lowe,Cast
10,3,16,Rob,Lowe,Cast
10,3,15,Rob,Lowe,Cast
10,3,14,Rob,Lowe,Cast
10,3,13,Rob,Lowe,Cast
10,3,12,Rob,Lowe,Cast
10,3,11,Rob,Lowe,Cast
10,3,10,Rob,Lowe,Cast
10,3,9,Rob,Lowe,Cast
10,3,8,Rob,Lowe,Cast
10,3,7,Rob,Lowe,Cast
10,3,6,Rob,Lowe,Cast
10,3,5,Rob,Lowe,Cast
10,3,4,Rob,Lowe,Cast
10,3,3,Rob,Lowe,Cast
10,3,2,Rob,Lowe,Cast
10,3,1,Rob,Lowe,Cast
10,2,24,Rob,Lowe,Cast
10,2,23,Rob,Lowe,Cast
11,7,12,Jay,Jackson,Cast
11,7,11,Jay,Jackson,Cast
11,7,10,Jay,Jackson,Cast
11,7,5,Jay,Jackson,Cast
11,6,22,Jay,Jackson,Cast
11,6,21,Jay,Jackson,Cast
11,6,19,Jay,Jackson,Cast
11,6,16,Jay,Jackson,Cast
11,6,13,Jay,Jackson,Cast
11,6,10,Jay,Jackson,Cast
11,6,8,Jay,Jackson,Cast
11,6,7,Jay,Jackson,Cast
11,6,5,Jay,Jackson,Cast
11,6,2,Jay,Jackson,Cast
11,6,1,Jay,Jackson,Cast
11,5,16,Jay,Jackson,Cast
11,5,15,Jay,Jackson,Cast
11,5,4,Jay,Jackson,Cast
11,,,Jay,Jackson,Cast
11,4,21,Jay,Jackson,Cast
11,4,20,Jay,Jackson,Cast
11,4,19,Jay,Jackson,Cast
11,4,17,Jay,Jackson,Cast
11,4,1,Jay,Jackson,Cast
11,3,14,Jay,Jackson,Cast
11,3,11,Jay,Jackson,Cast
11,3,7,Jay,Jackson,Cast
11,3,5,Jay,Jackson,Cast
11,2,22,Jay,Jackson,Cast
11,2,12,Jay,Jackson,Cast
11,2,4,Jay,Jackson,Cast
12,2,24,Paul,Schneider,Cast
12,2,23,Paul,Schneider,Cast
12,2,22,Paul,Schneider,Cast
12,2,21,Paul,Schneider,Cast
12,2,20,Paul,Schneider,Cast
12,2,19,Paul,Schneider,Cast
12,2,18,Paul,Schneider,Cast
12,2,17,Paul,Schneider,Cast
12,2,16,Paul,Schneider,Cast
12,2,15,Paul,Schneider,Cast
12,2,14,Paul,Schneider,Cast
12,2,13,Paul,Schneider,Cast
12,2,12,Paul,Schneider,Cast
12,2,11,Paul,Schneider,Cast
12,2,10,Paul,Schneider,Cast
12,2,9,Paul,Schneider,Cast
12,2,8,Paul,Schneider,Cast
12,2,7,Paul,Schneider,Cast
12,2,6,Paul,Schneider,Cast
12,2,5,Paul,Schneider,Cast
12,2,4,Paul,Schneider,Cast
12,2,3,Paul,Schneider,Cast
12,2,2,Paul,Schneider,Cast
12,2,1,Paul,Schneider,Cast
12,1,6,Paul,Schneider,Cast
12,1,5,Paul,Schneider,Cast
12,1,4,Paul,Schneider,Cast
12,1,3,Paul,Schneider,Cast
12,1,2,Paul,Schneider,Cast
12,1,1,Paul,Schneider,Cast
13,7,12,Ben,Schwartz,Cast
13,7,11,Ben,Schwartz,Cast
13,6,22,Ben,Schwartz,Cast
13,6,21,Ben,Schwartz,Cast
13,6,10,Ben,Schwartz,Cast
13,6,2,Ben,Schwartz,Cast
13,6,1,Ben,Schwartz,Cast
13,5,22,Ben,Schwartz,Cast
13,5,16,Ben,Schwartz,Cast
13,5,6,Ben,Schwartz,Cast
13,,,Ben,Schwartz,Cast
13,4,10,Ben,Schwartz,Cast
13,4,6,Ben,Schwartz,Cast
13,4,2,Ben,Schwartz,Cast
13,3,16,Ben,Schwartz,Cast
13,3,13,Ben,Schwartz,Cast
13,3,9,Ben,Schwartz,Cast
13,2,23,Ben,Schwartz,Cast
13,2,17,Ben,Schwartz,Cast
13,2,13,Ben,Schwartz,Cast
14,7,11,Mo,Collins,Cast
14,7,9,Mo,Collins,Cast
14,7,2,Mo,Collins,Cast
14,6,22,Mo,Collins,Cast
14,6,21,Mo,Collins,Cast
14,6,16,Mo,Collins,Cast
14,6,14,Mo,Collins,Cast
14,6,7,Mo,Collins,Cast
14,5,15,Mo,Collins,Cast
14,5,13,Mo,Collins,Cast
14,5,3,Mo,Collins,Cast
14,4,20,Mo,Collins,Cast
14,4,3,Mo,Collins,Cast
14,3,7,Mo,Collins,Cast
14,3,5,Mo,Collins,Cast
14,2,22,Mo,Collins,Cast
14,2,19,Mo,Collins,Cast
14,2,12,Mo,Collins,Cast
14,2,1,Mo,Collins,Cast
15,7,2,Yvans,Jourdain,Cast
15,6,16,Yvans,Jourdain,Cast
15,6,9,Yvans,Jourdain,Cast
15,6,8,Yvans,Jourdain,Cast
15,6,6,Yvans,Jourdain,Cast
15,6,5,Yvans,Jourdain,Cast
15,5,19,Yvans,Jourdain,Cast
15,5,18,Yvans,Jourdain,Cast
15,5,16,Yvans,Jourdain,Cast
15,5,14,Yvans,Jourdain,Cast
15,5,12,Yvans,Jourdain,Cast
15,5,7,Yvans,Jourdain,Cast
15,5,3,Yvans,Jourdain,Cast
15,5,2,Yvans,Jourdain,Cast
15,4,19,Yvans,Jourdain,Cast
15,3,13,Yvans,Jourdain,Cast
15,3,10,Yvans,Jourdain,Cast
15,2,21,Yvans,Jourdain,Cast
15,2,10,Yvans,Jourdain,Cast
16,7,2,Jon,Glaser,Cast
16,6,22,Jon,Glaser,Cast
16,6,21,Jon,Glaser,Cast
16,,,Jon,Glaser,Cast
16,6,15,Jon,Glaser,Cast
16,6,9,Jon,Glaser,Cast
16,6,8,Jon,Glaser,Cast
16,6,6,Jon,Glaser,Cast
16,6,5,Jon,Glaser,Cast
16,5,21,Jon,Glaser,Cast
16,5,19,Jon,Glaser,Cast
16,5,18,Jon,Glaser,Cast
16,5,17,Jon,Glaser,Cast
16,5,14,Jon,Glaser,Cast
16,5,13,Jon,Glaser,Cast
16,5,10,Jon,Glaser,Cast
16,5,7,Jon,Glaser,Cast
16,5,3,Jon,Glaser,Cast
17,7,12,Billy,Eichner,Cast
17,7,8,Billy,Eichner,Cast
17,7,7,Billy,Eichner,Cast
17,7,6,Billy,Eichner,Cast
17,7,5,Billy,Eichner,Cast
17,7,4,Billy,Eichner,Cast
17,6,22,Billy,Eichner,Cast
17,6,21,Billy,Eichner,Cast
17,,,Billy,Eichner,Cast
17,6,19,Billy,Eichner,Cast
17,6,16,Billy,Eichner,Cast
17,6,15,Billy,Eichner,Cast
17,6,14,Billy,Eichner,Cast
17,6,12,Billy,Eichner,Cast
17,6,8,Billy,Eichner,Cast
17,6,4,Billy,Eichner,Cast
18,7,9,James,Greene,Cast
18,7,2,James,Greene,Cast
18,6,9,James,Greene,Cast
18,6,8,James,Greene,Cast
18,6,6,James,Greene,Cast
18,6,5,James,Greene,Cast
18,5,21,James,Greene,Cast
18,5,19,James,Greene,Cast
18,5,18,James,Greene,Cast
18,5,16,James,Greene,Cast
18,5,15,James,Greene,Cast
18,5,12,James,Greene,Cast
18,5,11,James,Greene,Cast
18,5,7,James,Greene,Cast
18,5,3,James,Greene,Cast
18,5,2,James,Greene,Cast
19,7,12,Andy,Forrest,Cast
19,,,Andy,Forrest,Cast
19,6,14,Andy,Forrest,Cast
19,6,8,Andy,Forrest,Cast
19,4,12,Andy,Forrest,Cast
19,4,8,Andy,Forrest,Cast
19,4,1,Andy,Forrest,Cast
19,3,16,Andy,Forrest,Cast
19,3,13,Andy,Forrest,Cast
19,3,10,Andy,Forrest,Cast
19,3,8,Andy,Forrest,Cast
19,2,23,Andy,Forrest,Cast
19,2,16,Andy,Forrest,Cast
19,2,14,Andy,Forrest,Cast
19,2,13,Andy,Forrest,Cast
19,2,9,Andy,Forrest,Cast
20,7,10,Andrew,Burlinson,Cast
20,7,5,Andrew,Burlinson,Cast
20,6,22,Andrew,Burlinson,Cast
20,6,21,Andrew,Burlinson,Cast
20,6,12,Andrew,Burlinson,Cast
20,5,21,Andrew,Burlinson,Cast
20,,,Andrew,Burlinson,Cast
20,4,15,Andrew,Burlinson,Cast
20,3,16,Andrew,Burlinson,Cast
20,3,14,Andrew,Burlinson,Cast
20,3,9,Andrew,Burlinson,Cast
20,2,22,Andrew,Burlinson,Cast
20,2,17,Andrew,Burlinson,Cast
20,2,16,Andrew,Burlinson,Cast
20,1,6,Andrew,Burlinson,Cast
21,7,12,Alison,Becker,Cast
21,2,16,Alison,Becker,Cast
21,6,10,Alison,Becker,Cast
21,5,22,Alison,Becker,Cast
21,5,15,Alison,Becker,Cast
21,5,11,Alison,Becker,Cast
21,5,10,Alison,Becker,Cast
21,4,6,Alison,Becker,Cast
21,3,5,Alison,Becker,Cast
21,3,3,Alison,Becker,Cast
21,2,23,Alison,Becker,Cast
21,2,21,Alison,Becker,Cast
21,2,18,Alison,Becker,Cast
21,1,3,Alison,Becker,Cast
22,7,2,Kevin,Symons,Cast
22,,,Kevin,Symons,Cast
22,6,10,Kevin,Symons,Cast
22,6,9,Kevin,Symons,Cast
22,6,8,Kevin,Symons,Cast
22,6,6,Kevin,Symons,Cast
22,6,5,Kevin,Symons,Cast
22,5,19,Kevin,Symons,Cast
22,5,18,Kevin,Symons,Cast
22,5,16,Kevin,Symons,Cast
22,5,3,Kevin,Symons,Cast
22,5,2,Kevin,Symons,Cast
22,2,12,Kevin,Symons,Cast
22,2,4,Kevin,Symons,Cast
23,7,10,Alan,Yang,Cast
23,6,22,Alan,Yang,Cast
23,6,21,Alan,Yang,Cast
23,6,12,Alan,Yang,Cast
23,5,21,Alan,Yang,Cast
23,5,13,Alan,Yang,Cast
23,,,Alan,Yang,Cast
23,4,15,Alan,Yang,Cast
23,3,16,Alan,Yang,Cast
23,3,14,Alan,Yang,Cast
23,3,9,Alan,Yang,Cast
23,2,22,Alan,Yang,Cast
23,2,16,Alan,Yang,Cast
23,1,6,Alan,Yang,Cast
24,7,10,Mark,Rivers,Cast
24,6,22,Mark,Rivers,Cast
24,6,21,Mark,Rivers,Cast
24,6,12,Mark,Rivers,Cast
24,5,21,Mark,Rivers,Cast
24,5,13,Mark,Rivers,Cast
24,,,Mark,Rivers,Cast
24,4,15,Mark,Rivers,Cast
24,3,16,Mark,Rivers,Cast
24,3,14,Mark,Rivers,Cast
24,2,22,Mark,Rivers,Cast
24,2,16,Mark,Rivers,Cast
24,1,6,Mark,Rivers,Cast
25,7,12,Natalie,Morales,Cast
25,7,11,Natalie,Morales,Cast
25,7,7,Natalie,Morales,Cast
25,7,6,Natalie,Morales,Cast
25,7,5,Natalie,Morales,Cast
25,7,2,Natalie,Morales,Cast
25,4,6,Natalie,Morales,Cast
25,3,3,Natalie,Morales,Cast
25,3,1,Natalie,Morales,Cast
25,2,24,Natalie,Morales,Cast
25,2,23,Natalie,Morales,Cast
26,3,4,Jama,Williamson,Cast
26,3,3,Jama,Williamson,Cast
26,3,1,Jama,Williamson,Cast
26,2,24,Jama,Williamson,Cast
26,2,16,Jama,Williamson,Cast
26,2,15,Jama,Williamson,Cast
26,2,14,Jama,Williamson,Cast
26,2,11,Jama,Williamson,Cast
26,2,7,Jama,Williamson,Cast
26,2,4,Jama,Williamson,Cast
26,1,6,Jama,Williamson,Cast
27,7,12,Helen,Slayton-Hughes,Cast
27,7,11,Helen,Slayton-Hughes,Cast
27,2,16,Helen,Slayton-Hughes,Cast
27,6,5,Helen,Slayton-Hughes,Cast
27,6,2,Helen,Slayton-Hughes,Cast
27,6,1,Helen,Slayton-Hughes,Cast
27,5,14,Helen,Slayton-Hughes,Cast
27,5,3,Helen,Slayton-Hughes,Cast
27,5,2,Helen,Slayton-Hughes,Cast
27,4,9,Helen,Slayton-Hughes,Cast
27,3,15,Helen,Slayton-Hughes,Cast
28,7,6,Richard,Burch,Cast
28,7,3,Richard,Burch,Cast
28,,,Richard,Burch,Cast
28,6,16,Richard,Burch,Cast
28,6,7,Richard,Burch,Cast
28,6,3,Richard,Burch,Cast
28,5,22,Richard,Burch,Cast
28,5,19,Richard,Burch,Cast
28,5,16,Richard,Burch,Cast
28,5,14,Richard,Burch,Cast
28,5,5,Richard,Burch,Cast
29,6,22,Lucy,Lawless,Cast
29,6,21,Lucy,Lawless,Cast
29,6,3,Lucy,Lawless,Cast
29,6,2,Lucy,Lawless,Cast
29,6,1,Lucy,Lawless,Cast
29,5,22,Lucy,Lawless,Cast
29,5,11,Lucy,Lawless,Cast
29,5,9,Lucy,Lawless,Cast
29,5,5,Lucy,Lawless,Cast
29,5,3,Lucy,Lawless,Cast
30,7,12,Kathryn,Hahn,Cast
30,7,9,Kathryn,Hahn,Cast
30,7,7,Kathryn,Hahn,Cast
30,6,10,Kathryn,Hahn,Cast
30,5,5,Kathryn,Hahn,Cast
30,,,Kathryn,Hahn,Cast
30,4,21,Kathryn,Hahn,Cast
30,4,20,Kathryn,Hahn,Cast
30,4,19,Kathryn,Hahn,Cast
30,4,17,Kathryn,Hahn,Cast
31,,,Cooper,Thornton,Cast
31,5,18,Cooper,Thornton,Cast
31,5,12,Cooper,Thornton,Cast
31,5,5,Cooper,Thornton,Cast
31,4,12,Cooper,Thornton,Cast
31,4,1,Cooper,Thornton,Cast
31,3,16,Cooper,Thornton,Cast
31,2,24,Cooper,Thornton,Cast
31,2,7,Cooper,Thornton,Cast
31,1,6,Cooper,Thornton,Cast
32,5,6,Pamela,Reed,Cast
32,4,14,Pamela,Reed,Cast
32,4,3,Pamela,Reed,Cast
32,3,15,Pamela,Reed,Cast
32,2,16,Pamela,Reed,Cast
32,2,12,Pamela,Reed,Cast
32,1,6,Pamela,Reed,Cast
32,1,5,Pamela,Reed,Cast
32,1,2,Pamela,Reed,Cast
33,7,2,Megan,Mullally,Cast
33,6,22,Megan,Mullally,Cast
33,6,21,Megan,Mullally,Cast
33,5,9,Megan,Mullally,Cast
33,4,9,Megan,Mullally,Cast
33,4,2,Megan,Mullally,Cast
33,3,16,Megan,Mullally,Cast
33,3,4,Megan,Mullally,Cast
33,2,8,Megan,Mullally,Cast
34,7,6,Susan,Yeagley,Cast
34,7,1,Susan,Yeagley,Cast
34,6,8,Susan,Yeagley,Cast
34,6,2,Susan,Yeagley,Cast
34,6,1,Susan,Yeagley,Cast
34,5,15,Susan,Yeagley,Cast
34,5,7,Susan,Yeagley,Cast
34,2,21,Susan,Yeagley,Cast
34,2,3,Susan,Yeagley,Cast
35,7,12,Jenny,Slate,Cast
35,7,11,Jenny,Slate,Cast
35,6,22,Jenny,Slate,Cast
35,6,21,Jenny,Slate,Cast
35,6,2,Jenny,Slate,Cast
35,6,1,Jenny,Slate,Cast
35,5,22,Jenny,Slate,Cast
35,5,21,Jenny,Slate,Cast
35,5,16,Jenny,Slate,Cast
36,7,4,Eric,Isenhower,Cast
36,6,18,Eric,Isenhower,Cast
36,6,13,Eric,Isenhower,Cast
36,5,18,Eric,Isenhower,Cast
36,5,7,Eric,Isenhower,Cast
36,4,14,Eric,Isenhower,Cast
36,4,5,Eric,Isenhower,Cast
36,3,11,Eric,Isenhower,Cast
36,3,9,Eric,Isenhower,Cast
37,7,9,Harris,Wittels,Cast
37,6,2,Harris,Wittels,Cast
37,6,1,Harris,Wittels,Cast
37,5,22,Harris,Wittels,Cast
37,5,18,Harris,Wittels,Cast
37,5,12,Harris,Wittels,Cast
37,4,14,Harris,Wittels,Cast
37,3,9,Harris,Wittels,Cast
37,2,18,Harris,Wittels,Cast
38,7,8,John,Balma,Cast
38,6,22,John,Balma,Cast
38,6,21,John,Balma,Cast
38,6,9,John,Balma,Cast
38,6,8,John,Balma,Cast
38,5,7,John,Balma,Cast
38,4,10,John,Balma,Cast
38,2,22,John,Balma,Cast
38,2,14,John,Balma,Cast
39,7,12,Marc,Jackson,Cast
39,7,1,Marc,Jackson,Cast
39,6,10,Marc,Jackson,Cast
39,6,7,Marc,Jackson,Cast
39,6,6,Marc,Jackson,Cast
39,6,5,Marc,Jackson,Cast
39,6,2,Marc,Jackson,Cast
39,6,1,Marc,Jackson,Cast
39,5,22,Marc,Jackson,Cast
40,7,12,Henry,Winkler,Cast
40,7,11,Henry,Winkler,Cast
40,6,22,Henry,Winkler,Cast
40,6,21,Henry,Winkler,Cast
40,,,Henry,Winkler,Cast
40,6,10,Henry,Winkler,Cast
40,6,2,Henry,Winkler,Cast
40,6,1,Henry,Winkler,Cast
41,5,16,Kirk,Fox,Cast
41,5,12,Kirk,Fox,Cast
41,4,21,Kirk,Fox,Cast
41,4,1,Kirk,Fox,Cast
41,3,14,Kirk,Fox,Cast
41,3,10,Kirk,Fox,Cast
41,2,22,Kirk,Fox,Cast
41,2,9,Kirk,Fox,Cast
42,6,3,Mel,Cowan,Cast
42,6,2,Mel,Cowan,Cast
42,6,1,Mel,Cowan,Cast
42,5,12,Mel,Cowan,Cast
42,4,8,Mel,Cowan,Cast
42,4,3,Mel,Cowan,Cast
42,2,21,Mel,Cowan,Cast
42,2,5,Mel,Cowan,Cast
43,6,22,Rylan,Lee,Cast
43,6,21,Rylan,Lee,Cast
43,,,Rylan,Lee,Cast
43,6,3,Rylan,Lee,Cast
43,5,18,Rylan,Lee,Cast
43,5,11,Rylan,Lee,Cast
43,5,5,Rylan,Lee,Cast
43,5,3,Rylan,Lee,Cast
44,3,8,Phil,Reeves,Cast
44,2,23,Phil,Reeves,Cast
44,2,19,Phil,Reeves,Cast
44,2,15,Phil,Reeves,Cast
44,2,12,Phil,Reeves,Cast
44,2,9,Phil,Reeves,Cast
44,1,2,Phil,Reeves,Cast
45,7,9,Jim,Meskimen,Cast
45,6,19,Jim,Meskimen,Cast
45,5,15,Jim,Meskimen,Cast
45,5,9,Jim,Meskimen,Cast
45,2,22,Jim,Meskimen,Cast
45,2,3,Jim,Meskimen,Cast
45,1,5,Jim,Meskimen,Cast
46,7,10,Will,McLaughlin,Cast
46,7,6,Will,McLaughlin,Cast
46,6,11,Will,McLaughlin,Cast
46,5,13,Will,McLaughlin,Cast
46,4,15,Will,McLaughlin,Cast
46,4,13,Will,McLaughlin,Cast
46,3,4,Will,McLaughlin,Cast
47,7,5,Jeffrey,Markle,Cast
47,6,16,Jeffrey,Markle,Cast
47,6,3,Jeffrey,Markle,Cast
47,5,12,Jeffrey,Markle,Cast
47,4,10,Jeffrey,Markle,Cast
47,3,3,Jeffrey,Markle,Cast
47,2,15,Jeffrey,Markle,Cast
48,3,9,Blake,Lee,Cast
48,2,16,Blake,Lee,Cast
48,2,15,Blake,Lee,Cast
48,2,14,Blake,Lee,Cast
48,2,7,Blake,Lee,Cast
48,2,1,Blake,Lee,Cast
48,1,6,Blake,Lee,Cast
49,6,22,Sadie,Salazar,Cast
49,6,21,Sadie,Salazar,Cast
49,,,Sadie,Salazar,Cast
49,6,3,Sadie,Salazar,Cast
49,5,11,Sadie,Salazar,Cast
49,5,5,Sadie,Salazar,Cast
49,5,3,Sadie,Salazar,Cast
50,4,15,Louis,C.K.,Cast
50,2,12,Louis,C.K.,Cast
50,2,7,Louis,C.K.,Cast
50,2,4,Louis,C.K.,Cast
50,2,3,Louis,C.K.,Cast
50,2,2,Louis,C.K.,Cast
51,4,11,Johnny,Sneed,Cast
51,4,10,Johnny,Sneed,Cast
51,4,7,Johnny,Sneed,Cast
51,4,3,Johnny,Sneed,Cast
51,4,1,Johnny,Sneed,Cast
51,3,16,Johnny,Sneed,Cast
52,7,9,Darlene,Hunt,Cast
52,5,22,Darlene,Hunt,Cast
52,5,4,Darlene,Hunt,Cast
52,3,11,Darlene,Hunt,Cast
52,3,3,Darlene,Hunt,Cast
52,2,1,Darlene,Hunt,Cast
53,4,11,Antonia,Raftu,Cast
53,4,10,Antonia,Raftu,Cast
53,4,7,Antonia,Raftu,Cast
53,4,3,Antonia,Raftu,Cast
53,4,1,Antonia,Raftu,Cast
53,3,16,Antonia,Raftu,Cast
54,7,12,Mara,Marini,Cast
54,7,9,Mara,Marini,Cast
54,5,22,Mara,Marini,Cast
54,5,16,Mara,Marini,Cast
54,4,20,Mara,Marini,Cast
54,3,11,Mara,Marini,Cast
55,3,9,Josh,Duvendeck,Cast
55,2,16,Josh,Duvendeck,Cast
55,2,15,Josh,Duvendeck,Cast
55,2,14,Josh,Duvendeck,Cast
55,2,7,Josh,Duvendeck,Cast
55,2,1,Josh,Duvendeck,Cast
56,6,13,Mary,Faber,Cast
56,6,2,Mary,Faber,Cast
56,6,1,Mary,Faber,Cast
56,5,22,Mary,Faber,Cast
56,5,10,Mary,Faber,Cast
56,5,2,Mary,Faber,Cast
57,7,9,Colton,Dunn,Cast
57,5,22,Colton,Dunn,Cast
57,5,18,Colton,Dunn,Cast
57,5,13,Colton,Dunn,Cast
57,3,9,Colton,Dunn,Cast
57,2,18,Colton,Dunn,Cast
58,7,12,Joe,Mande,Cast
58,7,5,Joe,Mande,Cast
58,6,16,Joe,Mande,Cast
58,6,6,Joe,Mande,Cast
58,5,16,Joe,Mande,Cast
58,5,5,Joe,Mande,Cast
59,6,16,Mike,Mitchell,Cast
59,6,8,Mike,Mitchell,Cast
59,5,22,Mike,Mitchell,Cast
59,5,10,Mike,Mitchell,Cast
59,4,18,Mike,Mitchell,Cast
59,3,6,Mike,Mitchell,Cast
60,5,14,Tracy,Howe,Cast
60,5,15,Tracy,Howe,Cast
60,5,9,Tracy,Howe,Cast
60,5,7,Tracy,Howe,Cast
60,4,15,Tracy,Howe,Cast
60,3,4,Tracy,Howe,Cast
61,6,2,Sara,Horn,Cast
61,6,1,Sara,Horn,Cast
61,5,12,Sara,Horn,Cast
61,3,16,Sara,Horn,Cast
61,3,15,Sara,Horn,Cast
61,2,15,Sara,Horn,Cast
62,7,2,Doug,Smith,Cast
62,7,1,Doug,Smith,Cast
62,6,22,Doug,Smith,Cast
62,6,21,Doug,Smith,Cast
62,6,18,Doug,Smith,Cast
62,5,6,Doug,Smith,Cast
63,7,11,Paul,Rudd,Cast
63,,,Paul,Rudd,Cast
63,4,21,Paul,Rudd,Cast
63,4,20,Paul,Rudd,Cast
63,4,12,Paul,Rudd,Cast
64,5,20,Sarah,Wright,Cast
64,5,9,Sarah,Wright,Cast
64,4,13,Sarah,Wright,Cast
64,4,5,Sarah,Wright,Cast
64,4,4,Sarah,Wright,Cast
65,7,11,Nick,Kroll,Cast
65,6,16,Nick,Kroll,Cast
65,5,12,Nick,Kroll,Cast
65,3,13,Nick,Kroll,Cast
65,3,5,Nick,Kroll,Cast
66,7,10,Jonathan,Joss,Cast
66,7,1,Jonathan,Joss,Cast
66,5,22,Jonathan,Joss,Cast
66,5,10,Jonathan,Joss,Cast
66,3,7,Jonathan,Joss,Cast
67,7,6,Brent,Briscoe,Cast
67,6,3,Brent,Briscoe,Cast
67,5,14,Brent,Briscoe,Cast
67,5,12,Brent,Briscoe,Cast
67,3,2,Brent,Briscoe,Cast
68,6,22,Sydney,Endicott,Cast
68,6,21,Sydney,Endicott,Cast
68,,,Sydney,Endicott,Cast
68,6,15,Sydney,Endicott,Cast
68,6,14,Sydney,Endicott,Cast
69,2,16,Justin,Theroux,Cast
69,2,15,Justin,Theroux,Cast
69,2,14,Justin,Theroux,Cast
69,2,13,Justin,Theroux,Cast
70,3,13,Andy,Milder,Cast
70,3,6,Andy,Milder,Cast
70,2,22,Andy,Milder,Cast
70,2,17,Andy,Milder,Cast
71,7,6,Jason,Mantzoukas,Cast
71,5,18,Jason,Mantzoukas,Cast
71,4,10,Jason,Mantzoukas,Cast
71,3,6,Jason,Mantzoukas,Cast
72,7,12,Christie,Brinkley,Cast
72,7,7,Christie,Brinkley,Cast
72,5,20,Christie,Brinkley,Cast
72,5,9,Christie,Brinkley,Cast
73,6,16,Matt,Besser,Cast
73,5,12,Matt,Besser,Cast
73,3,13,Matt,Besser,Cast
73,3,5,Matt,Besser,Cast
74,7,12,Keegan-Michael,Key,Cast
74,7,7,Keegan-Michael,Key,Cast
74,7,6,Keegan-Michael,Key,Cast
74,,,Keegan-Michael,Key,Cast
75,6,22,Brady,Smith,Cast
75,6,21,Brady,Smith,Cast
75,6,16,Brady,Smith,Cast
75,6,15,Brady,Smith,Cast
76,7,5,Mike,Scully,Cast
76,,,Mike,Scully,Cast
76,5,2,Mike,Scully,Cast
76,3,12,Mike,Scully,Cast
77,5,13,Kenny,Stevenson,Cast
77,5,5,Kenny,Stevenson,Cast
77,4,14,Kenny,Stevenson,Cast
77,4,3,Kenny,Stevenson,Cast
78,7,7,James,Connor,Cast
78,,,James,Connor,Cast
78,4,21,James,Connor,Cast
78,4,20,James,Connor,Cast
79,4,6,Minni,Jo,Cast
79,3,9,Minni,Jo,Cast
79,3,5,Minni,Jo,Cast
79,2,21,Minni,Jo,Cast
80,7,12,Rodney,To,Cast
80,7,11,Rodney,To,Cast
80,7,7,Rodney,To,Cast
80,6,5,Rodney,To,Cast
81,7,9,Maxwell,Weaver,Cast
81,7,7,Maxwell,Weaver,Cast
81,6,22,Maxwell,Weaver,Cast
81,6,21,Maxwell,Weaver,Cast
82,7,2,Brooke,Baumer,Cast
82,7,1,Brooke,Baumer,Cast
82,3,4,Brooke,Baumer,Cast
82,2,15,Brooke,Baumer,Cast
83,5,18,Katie,Dippold,Cast
83,4,19,Katie,Dippold,Cast
83,2,9,Katie,Dippold,Cast
83,2,6,Katie,Dippold,Cast
84,7,11,Sam,Elliott,Cast
84,6,19,Sam,Elliott,Cast
84,6,4,Sam,Elliott,Cast
85,7,6,Jorma,Taccone,Cast
85,7,5,Jorma,Taccone,Cast
85,7,3,Jorma,Taccone,Cast
86,6,14,Dan,Castellaneta,Cast
86,5,8,Dan,Castellaneta,Cast
86,4,3,Dan,Castellaneta,Cast
87,6,13,Tuc,Watkins,Cast
87,5,12,Tuc,Watkins,Cast
87,4,11,Tuc,Watkins,Cast
88,6,10,Kristen,Bell,Cast
88,6,6,Kristen,Bell,Cast
88,6,3,Kristen,Bell,Cast
89,4,15,Eric,Pierpoint,Cast
89,3,12,Eric,Pierpoint,Cast
89,3,4,Eric,Pierpoint,Cast
90,7,10,Peter,Serafinowicz,Cast
90,6,2,Peter,Serafinowicz,Cast
90,6,1,Peter,Serafinowicz,Cast
91,4,2,Detlef,Schrempf,Cast
91,3,16,Detlef,Schrempf,Cast
91,2,22,Detlef,Schrempf,Cast
92,6,22,Jeff,Tweedy,Cast
92,6,21,Jeff,Tweedy,Cast
92,6,19,Jeff,Tweedy,Cast
93,2,5,Eric,Edelstein,Cast
93,1,4,Eric,Edelstein,Cast
93,1,2,Eric,Edelstein,Cast
94,7,9,Todd,Sherry,Cast
94,5,22,Todd,Sherry,Cast
94,5,4,Todd,Sherry,Cast
95,7,11,Brian,Stack,Cast
95,6,11,Brian,Stack,Cast
95,5,19,Brian,Stack,Cast
96,4,5,Becky,Thyre,Cast
96,3,7,Becky,Thyre,Cast
96,2,14,Becky,Thyre,Cast
97,4,9,Biff,Yeager,Cast
97,3,16,Biff,Yeager,Cast
97,3,11,Biff,Yeager,Cast
98,4,5,Jeanne,Simpson,Cast
98,3,2,Jeanne,Simpson,Cast
98,2,7,Jeanne,Simpson,Cast
99,4,20,Linda,Montana,Cast
99,2,22,Linda,Montana,Cast
99,2,3,Linda,Montana,Cast
100,5,10,Roy,Hibbert,Cast
100,4,6,Roy,Hibbert,Cast
100,4,2,Roy,Hibbert,Cast
101,6,14,Nick,Toth,Cast
101,5,8,Nick,Toth,Cast
101,4,3,Nick,Toth,Cast
102,6,22,Richard,Portnow,Cast
102,6,21,Richard,Portnow,Cast
102,6,15,Richard,Portnow,Cast
103,4,14,Tami,D'Addio,Cast
103,4,10,Tami,D'Addio,Cast
103,3,15,Tami,D'Addio,Cast
104,7,1,Blake,Anderson,Cast
104,6,22,Blake,Anderson,Cast
104,6,21,Blake,Anderson,Cast
105,7,6,Adrian,Zeigler,Cast
105,4,6,Adrian,Zeigler,Cast
105,4,4,Adrian,Zeigler,Cast
106,7,6,Allan,McLeod,Cast
106,6,15,Allan,McLeod,Cast
106,6,3,Allan,McLeod,Cast
107,6,16,Duane,Sr.,Cast
107,5,9,Duane,Sr.,Cast
107,2,4,Duane,Sr.,Cast
108,7,6,Susan,Isaacs,Cast
108,5,5,Susan,Isaacs,Cast
108,2,17,Susan,Isaacs,Cast
109,7,7,Ginuwine,,Cast
109,6,22,Ginuwine,,Cast
109,6,21,Ginuwine,,Cast
110,3,3,Karen,Teliha,Cast
110,2,12,Karen,Teliha,Cast
110,2,5,Karen,Teliha,Cast
111,6,2,Craig,Pearman,Cast
111,6,1,Craig,Pearman,Cast
111,3,4,Craig,Pearman,Cast
112,7,7,Carter,Weaver,Cast
112,6,22,Carter,Weaver,Cast
112,6,21,Carter,Weaver,Cast
113,7,8,Bob,Bancroft,Cast
113,6,9,Bob,Bancroft,Cast
113,6,8,Bob,Bancroft,Cast
114,7,7,Kaitlyn,Otey,Cast
114,6,22,Kaitlyn,Otey,Cast
114,6,21,Kaitlyn,Otey,Cast
115,6,7,Bradley,Fisher,Cast
115,4,14,Bradley,Fisher,Cast
115,3,5,Bradley,Fisher,Cast
116,1,6,Todd,Grinnell,Cast
116,1,4,Todd,Grinnell,Cast
117,6,18,Cody,Klop,Cast
117,2,7,Cody,Klop,Cast
118,2,17,Ian,Roberts,Cast
118,1,1,Ian,Roberts,Cast
119,2,5,Loudon,III,Cast
119,1,1,Loudon,III,Cast
120,7,3,Erinn,Hayes,Cast
120,6,7,Erinn,Hayes,Cast
121,3,9,John,Conlee,Cast
121,2,21,John,Conlee,Cast
122,4,18,Danielle,Bisutti,Cast
122,4,8,Danielle,Bisutti,Cast
123,4,2,Patricia,Clarkson,Cast
123,4,1,Patricia,Clarkson,Cast
124,5,22,Jason,Schwartzman,Cast
124,5,16,Jason,Schwartzman,Cast
125,6,2,Heidi,Klum,Cast
125,6,1,Heidi,Klum,Cast
126,3,9,Terri,Hoyos,Cast
126,2,21,Terri,Hoyos,Cast
127,6,6,Tatiana,Maslany,Cast
127,6,5,Tatiana,Maslany,Cast
128,7,3,Hamilton,Mitchell,Cast
128,2,21,Hamilton,Mitchell,Cast
129,2,21,Christopher,Murray,Cast
129,2,15,Christopher,Murray,Cast
130,6,18,Kelly,Washington,Cast
130,4,7,Kelly,Washington,Cast
131,7,9,Seth,Morris,Cast
131,6,15,Seth,Morris,Cast
132,2,14,Stewart,Skelton,Cast
132,1,4,Stewart,Skelton,Cast
133,2,16,Melinda,Cohen,Cast
133,6,4,Melinda,Cohen,Cast
134,2,23,April,Eden,Cast
134,2,3,April,Eden,Cast
135,7,9,Maribeth,Monroe,Cast
135,2,17,Maribeth,Monroe,Cast
137,2,17,Steve,Zissis,Cast
137,1,3,Steve,Zissis,Cast
138,2,24,Nicole,Pettis,Cast
138,2,7,Nicole,Pettis,Cast
139,4,17,Murray,Gershenz,Cast
139,4,7,Murray,Gershenz,Cast
140,7,3,Gary,Cervantes,Cast
140,4,20,Gary,Cervantes,Cast
141,6,8,Jim,Irsay,Cast
141,5,10,Jim,Irsay,Cast
142,4,17,Ana,Rey,Cast
142,2,20,Ana,Rey,Cast
143,5,20,Katie,Gill,Cast
143,5,9,Katie,Gill,Cast
144,5,14,Rhomeyn,Johnson,Cast
144,5,13,Rhomeyn,Johnson,Cast
145,6,8,Andrew,Luck,Cast
145,5,10,Andrew,Luck,Cast
146,4,2,Talia,Tabin,Cast
146,3,16,Talia,Tabin,Cast
147,5,20,Maliabeth,Johnson,Cast
147,5,9,Maliabeth,Johnson,Cast
148,6,14,Aly,Mawji,Cast
148,6,4,Aly,Mawji,Cast
149,5,20,Emily,Spivey,Cast
149,5,17,Emily,Spivey,Cast
150,6,8,Reggie,Wayne,Cast
150,5,10,Reggie,Wayne,Cast
151,7,11,Cletus,Young,Cast
151,1,5,Cletus,Young,Cast
152,6,3,Todd,Stanton,Cast
152,3,12,Todd,Stanton,Cast
153,6,19,Aubyn,Philabaum,Cast
153,,,Aubyn,Philabaum,Cast
154,6,4,David,Stanford,Cast
154,6,3,David,Stanford,Cast
155,7,12,Jon,Daly,Cast
155,1,1,Jon,Daly,Cast
156,4,17,Audrey,Scott,Cast
156,4,12,Audrey,Scott,Cast
157,5,14,Barry,Ashley,Cast
157,5,4,Barry,Ashley,Cast
158,7,9,Danielle,Kennedy,Cast
158,4,21,Danielle,Kennedy,Cast
159,6,3,Kelly,Hawthorne,Cast
159,3,3,Kelly,Hawthorne,Cast
160,5,12,Danny,Cho,Cast
160,3,5,Danny,Cho,Cast
161,5,22,Kiff,VandenHeuvel,Cast
161,5,11,Kiff,VandenHeuvel,Cast
162,7,12,Dave,King,Cast
162,5,14,Dave,King,Cast
163,6,22,Colin,Meloy,Cast
163,6,21,Colin,Meloy,Cast
164,7,12,Michael,Strassner,Cast
164,7,8,Michael,Strassner,Cast
165,7,12,Herbert,Russell,Cast
165,7,8,Herbert,Russell,Cast
166,5,22,Craig,Shoemaker,Cast
166,5,16,Craig,Shoemaker,Cast
167,6,22,Chris,Funk,Cast
167,6,21,Chris,Funk,Cast
168,6,2,Kaliko,Kauahi,Cast
168,6,1,Kaliko,Kauahi,Cast
169,6,22,Jenny,Conlee,Cast
169,6,21,Jenny,Conlee,Cast
171,6,22,Nate,Query,Cast
171,6,21,Nate,Query,Cast
172,6,2,Sope,Aluko,Cast
172,6,1,Sope,Aluko,Cast
173,6,22,John,Moen,Cast
173,6,21,John,Moen,Cast
174,6,2,Sharon,Battle,Cast
174,6,1,Sharon,Battle,Cast
175,6,22,Ira,Kaplan,Cast
175,6,21,Ira,Kaplan,Cast
176,6,2,Heather,McPhaul,Cast
176,6,1,Heather,McPhaul,Cast
177,6,22,James,McNew,Cast
177,6,21,James,McNew,Cast
178,6,22,Georgia,Hubley,Cast
178,6,21,Georgia,Hubley,Cast
179,6,22,Kay,Hanley,Cast
179,6,21,Kay,Hanley,Cast
180,6,22,Dave,Gibbs,Cast
180,6,21,Dave,Gibbs,Cast
181,6,22,Greg,McKenna,Cast
181,6,21,Greg,McKenna,Cast
182,6,22,John,Dragonetti,Cast
182,6,21,John,Dragonetti,Cast
183,6,22,Maura,Soden,Cast
183,6,21,Maura,Soden,Cast
184,6,22,Joe,Souza,Cast
184,6,21,Joe,Souza,Cast
185,6,22,Lilan,Bowden,Cast
185,6,21,Lilan,Bowden,Cast
186,6,22,Jill,Basey,Cast
186,6,21,Jill,Basey,Cast
187,6,22,Barry,Ford,Cast
187,6,21,Barry,Ford,Cast
188,6,22,Patrick,Gilbert,Cast
188,6,21,Patrick,Gilbert,Cast
189,4,21,John,Deignan,Cast
189,2,2,John,Deignan,Cast
190,3,16,Jeff,Sloniker,Cast
190,3,15,Jeff,Sloniker,Cast
191,7,12,Joe,Biden,Cast
191,5,7,Joe,Biden,Cast
192,7,8,John,McCain,Cast
192,5,1,John,McCain,Cast
193,7,8,Barbara,Boxer,Cast
193,5,1,Barbara,Boxer,Cast
194,7,1,Jon,Hamm,Cast
194,6,22,Jon,Hamm,Cast
195,6,22,Michelle,Obama,Cast
195,6,21,Michelle,Obama,Cast
196,2,5,Fred,Armisen,Cast
197,2,6,Paul,Scheer,Cast
198,2,13,Will,Arnett,Cast
199,2,19,Andy,Samberg,Cast
200,2,20,Michael,Gross,Cast
201,2,18,Judith,Moreland,Cast
202,7,10,John,Cena,Cast
203,2,5,Federico,Dordei,Cast
204,1,5,Bruce,Jarchow,Cast
205,2,14,Bonita,Friedericy,Cast
206,2,20,Jack,Wallace,Cast
207,6,18,Steve,Tom,Cast
208,1,2,Lennon,Parham,Cast
209,2,10,Jay,Johnston,Cast
210,1,6,Ron,Perkins,Cast
211,1,5,Loretta,Fox,Cast
212,2,16,John,Larroquette,Cast
213,2,20,Dakin,Matthews,Cast
214,2,15,Don,McManus,Cast
215,2,16,Rob,Huebel,Cast
216,7,1,Werner,Herzog,Cast
217,2,6,H.,Benjamin,Cast
218,1,2,Brian,Huskey,Cast
219,2,8,Jack,Carter,Cast
220,2,2,Frank,Crim,Cast
221,2,11,James,Ball,Cast
222,2,18,Paul,Raci,Cast
223,3,12,Parker,Posey,Cast
224,3,3,Will,Forte,Cast
225,4,18,Sean,Hayes,Cast
226,4,17,Carl,Reiner,Cast
227,4,13,Kevin,Dorff,Cast
228,5,1,Ben,Zelevansky,Cast
229,4,16,Sam,Carson,Cast
230,5,17,J.K.,Simmons,Cast
231,5,19,Patton,Oswalt,Cast
232,5,13,Matt,Walsh,Cast
233,6,13,Chris,Bauer,Cast
234,2,1,Tahmus,Rounds,Cast
235,1,4,Windell,Middlebrooks,Cast
236,1,2,John,Ingle,Cast
237,2,6,Chris,Tallman,Cast
238,2,8,Roger,Eschbacher,Cast
239,1,1,Martin,Chow,Cast
240,2,9,Barry,Sigismondi,Cast
241,2,11,Jon,Burkhart,Cast
242,2,10,Travis,Guba,Cast
243,4,7,Kyle,Mooney,Cast
244,4,4,Jacob,Bertrand,Cast
245,3,8,Annie,O'Donnell,Cast
246,4,19,Bradley,Whitford,Cast
247,4,14,Martin,Starr,Cast
248,5,8,Brad,Hall,Cast
249,5,1,Amy,Tolsky,Cast
250,5,17,Annabeth,Gish,Cast
251,6,4,June,Raphael,Cast
252,6,19,Bo,Burnham,Cast
253,6,12,Owen,Burke,Cast
254,7,5,Dax,Shepard,Cast
255,7,3,Tim,Baltz,Cast
256,7,8,Michael,Shoemaker,Cast
257,2,12,Gillian,Vigman,Cast
258,1,6,Stephanie,Erb,Cast
259,1,2,Nancy,Lantis,Cast
260,2,5,JC,Gonzalez,Cast
261,1,1,Bryce,Hurless,Cast
262,2,11,Evan,O'Brien,Cast
263,1,4,J.W.,Wolterman,Cast
264,2,19,Braden,Lynch,Cast
265,2,20,Mike,Mauloff,Cast
266,2,13,Scott,Portlock,Cast
267,4,6,Robert,Pine,Cast
268,3,14,Jessica,Clair,Cast
269,3,7,Joseph,Russo,Cast
270,3,10,Mark,Saul,Cast
271,3,15,Jim,Jansen,Cast
272,4,5,Nicholas,Hormann,Cast
273,4,4,Dani,Fish,Cast
274,3,2,Terrence,Beasor,Cast
275,3,6,Tim,Acres,Cast
276,3,12,Bob,Elliot,Cast
277,5,6,Glenne,Headly,Cast
278,5,8,Jessica,Barth,Cast
279,4,21,Mike,O'Malley,Cast
280,5,4,Adam,Harrington,Cast
281,5,5,Jack,Scalia,Cast
282,4,18,Hal,Havins,Cast
283,4,11,Boo,Arnold,Cast
284,4,13,Frank,Kopyc,Cast
285,5,1,Jessica,Hansen,Cast
286,4,12,Mike,Rylander,Cast
287,6,3,Chris,Bosh,Cast
288,6,14,John,Hodgman,Cast
289,6,11,Mark,Berry,Cast
290,6,18,Reece,Kirk,Cast
291,7,8,Liz,Femi,Cast
292,2,5,Carlos,Carrasco,Cast
293,2,7,Jason,Kelley,Cast
294,1,2,Lauren,Katz,Cast
295,2,11,Richard,Dunn,Cast
296,2,9,Doug,Jones,Cast
297,2,4,Danilo,Julio,Cast
298,2,1,Marlon,John,Cast
299,2,15,Gary,Weeks,Cast
300,2,18,Lyle,Kanouse,Cast
301,2,13,Dominic,Dierkes,Cast
302,2,24,Brian,McCann,Cast
303,2,19,Courtney,Lamb,Cast
304,2,17,Andrea,Hutchman,Cast
305,2,21,Andy,Kreiss,Cast
306,3,6,Jon,Barinholtz,Cast
307,4,2,Paula,Pell,Cast
308,3,14,Alyssa,Shafer,Cast
309,3,2,Frank,Noon,Cast
310,4,9,Kevin,Rock,Cast
311,3,12,Bruce,Green,Cast
312,3,11,Jozef,Fahey,Cast
313,3,4,James,Sharpe,Cast
314,3,1,Jason,Boegh,Cast
315,4,8,Breon,Gorman,Cast
316,4,5,Rob,Mainord,Cast
317,4,4,Kayla,Simpkins,Cast
318,5,6,Jonathan,Banks,Cast
319,5,1,Lauren,White,Cast
320,4,17,Chris,Regan,Cast
321,4,18,Leslie,Thurston,Cast
322,4,13,James,Albert,Cast
323,5,11,Bonnie,Bartlett,Cast
324,5,17,Bil,Dwyer,Cast
325,5,13,Jim,Hanna,Cast
326,6,14,Debra,Mooney,Cast
327,6,11,Van,Epperson,Cast
328,2,16,Martha,Cary,Cast
329,7,7,Rachel,Dratch,Cast
330,7,1,Helen,Hong,Cast
331,7,8,Matt,Offerman,Cast
332,1,5,Vanessa,Pluym,Cast
333,2,3,Anne,Gregory,Cast
334,2,9,Stephanie,McVay,Cast
335,1,1,Lennon,Wynn,Cast
336,1,6,William,Walton,Cast
337,2,1,Will,Rodriguez,Cast
338,2,11,David,Robinson,Cast
339,2,14,David,Diaan,Cast
340,2,24,Julia,Silverman,Cast
341,2,20,Meg,Wolf,Cast
342,2,18,Colter,Allison,Cast
343,2,13,Steven,Bennett,Cast
344,2,17,William,Pawlak,Cast
345,4,4,Annalise,Basso,Cast
346,3,2,Michael,McGreevey,Cast
347,3,10,Aimee,Parker,Cast
348,3,1,David,Trice,Cast
349,4,8,Paul,Sizemore,Cast
350,4,7,Gary,Moglovkin,Cast
351,3,4,Matt,Kelley,Cast
352,4,19,Chelsea,Peretti,Cast
353,5,7,Paul,Rust,Cast
354,4,20,Brad,Leland,Cast
355,5,6,Kulap,Vilaysack,Cast
356,5,8,Tyler,Cook,Cast
357,4,13,Brad,Slaight,Cast
358,4,12,Paul,Hayes,Cast
359,5,4,Alex,Morris,Cast
360,5,1,Jenny,Hochberg,Cast
361,4,17,Sarah,Gaboury,Cast
362,4,18,Ervin,Ross,Cast
363,5,11,Michael,McGill,Cast
364,5,17,Wolf,Muser,Cast
365,6,14,Peter,Bonerz,Cast
366,6,19,Shel,Rasten,Cast
367,6,11,Ashley,Wigfield,Cast
368,2,16,Piper,Major,Cast
369,6,18,Alexander,Stamm,Cast
370,7,6,Josh,Groban,Cast
371,7,2,Jeff,Harlan,Cast
372,7,3,Patrick,Duncan,Cast
373,2,12,Jonathan,Goldstein,Cast
374,2,3,Frank,Medrano,Cast
375,2,7,Kelly,Bashar,Cast
376,2,11,John,Ames,Cast
377,1,2,Claudia,Wallace,Cast
378,1,5,Deirdre,Wall,Cast
379,2,4,Marc,Doten,Cast
380,2,14,Gibby,Brand,Cast
381,2,21,Jonathan,Palmer,Cast
382,2,13,Samantha,Albert,Cast
383,2,17,Serena,Westphal,Cast
384,3,6,Nick,Holmes,Cast
385,3,3,Tom,Beyer,Cast
386,3,11,Mark,Colson,Cast
387,3,10,James,Ward,Cast
388,3,15,Yolanda,Snowball,Cast
389,4,8,Brenda,Ballard,Cast
390,4,4,Dmitri,Schuyler-Linch,Cast
391,3,13,Harvey,Alperin,Cast
392,4,5,Matt,Schwartz,Cast
393,4,10,Mary,Garripoli,Cast
394,3,7,Vincent,Angelo,Cast
395,3,12,Alan,Naggar,Cast
396,3,1,Karen,Forman,Cast
397,5,9,Peter,Porte,Cast
398,4,18,Michael,Roberts,Cast
399,4,21,Leonard,Robinson,Cast
400,4,19,Billy,Merritt,Cast
401,5,8,Brian,Fortuna,Cast
402,4,13,Heather,Horton,Cast
403,4,12,Sean,Blodgett,Cast
404,5,4,Jay,Burns,Cast
405,5,20,Ryan,Dorsey,Cast
406,6,7,Kincaid,Walker,Cast
407,5,17,Jeffrey,Muller,Cast
408,6,12,Judith,Drake,Cast
409,6,11,Ben,Begley,Cast
410,6,19,Rebecca,Klingler,Cast
411,6,15,Robert,Arbogast,Cast
412,6,16,Greg,Levine,Cast
413,6,18,Pearl,Charles,Cast
414,6,13,Kelvin,Millhouse,Cast
415,7,7,Questlove,,Cast
416,7,3,Dan,Gilvezan,Cast
417,2,11,Cheryl,Texiera,Cast
418,2,5,Bonnie,Hellman,Cast
419,2,1,Cole,Sand,Cast
420,2,7,Kathleen,Darcy,Cast
421,2,3,Worth,Howe,Cast
422,2,4,Joseph,Berardi,Cast
423,2,16,Victoria,Kelleher,Cast
424,2,21,Dave,Bushnell,Cast
425,2,13,Steven,Liu,Cast
426,4,4,Gavin,MacIntosh,Cast
427,3,1,Daniel,Bridges,Cast
428,4,10,Megan,Grano,Cast
429,3,6,Nick,Armstrong,Cast
430,4,8,Keith,Sellon-Wright,Cast
431,3,12,Virginia,Smith,Cast
432,3,15,Vivian,Smallwood,Cast
433,3,13,Micah,Femia,Cast
434,4,7,R.,Braun,Cast
435,3,7,Christopher,Lusti,Cast
436,3,10,Greg,Derelian,Cast
437,4,3,Dee,Baldus,Cast
438,4,19,Greg,Vrotsos,Cast
439,5,2,Lee,Broux,Cast
440,4,14,Jordi,Vilasuso,Cast
441,4,12,Tylen,Williams,Cast
442,5,8,Derek,Baynham,Cast
443,5,4,John,Storey,Cast
444,4,21,Brenda,Canela,Cast
445,6,4,Sullivan,Jones,Cast
446,5,21,David,Phillips,Cast
447,6,7,Trian,Smith,Cast
448,5,17,Justin,Uretz,Cast
449,5,20,Mike,Park,Cast
450,5,11,Anver,Garbi,Cast
451,6,11,Beth,Hall,Cast
452,6,15,Lauren,Shaw,Cast
453,6,12,Christopher,Wolfe,Cast
454,6,18,Brittany,Oaks,Cast
455,7,2,Mary,Holland,Cast
456,2,4,Melanie,MacQueen,Cast
457,2,12,Matt,Hinkley,Cast
458,2,3,Amy,E.,Cast
459,2,23,Ralph,Richeson,Cast
460,2,17,Cecelia,Specht,Cast
461,2,16,Bayne,Gibby,Cast
462,2,13,Jane,Morris,Cast
463,2,21,Bob,Bledsoe,Cast
464,2,24,Guy,Stevenson,Cast
465,2,14,Fred,Cross,Cast
466,2,15,Ryan,Hartwig,Cast
467,3,10,Josh,Pence,Cast
468,3,12,Harry,Boxley,Cast
469,3,5,Jeris,Poindexter,Cast
470,4,1,Dennis,Howard,Cast
471,4,2,Danny,Vasquez,Cast
472,3,6,Staci,Steele,Cast
473,3,14,John,Sloman,Cast
474,4,7,Jennifer,Soo,Cast
475,4,8,Melissa,Bailey,Cast
476,3,1,Carter,Edwards,Cast
477,4,6,Mike,Polli,Cast
478,3,3,Steve,Guilmette,Cast
479,5,5,Elijah,Nelson,Cast
480,5,2,Bobby,Reed,Cast
481,4,14,Tom,Costello,Cast
482,,,Randy,Kovitz,Cast
483,4,12,Luke,Colombero,Cast
484,4,19,Lolli,Sorenson,Cast
485,4,15,Brandon,Sornberger,Cast
486,5,3,Autumn,Butler,Cast
487,4,13,Bruno,Alexander,Cast
488,5,4,Mike,Monteleone,Cast
489,5,8,Phillip,Jordan,Cast
490,4,18,Donna,Lazar,Cast
491,5,21,Esther,Povitsky,Cast
492,6,9,Rob,Kerkovich,Cast
493,6,7,Elizabeth,Anweis,Cast
494,5,20,Julie,Brister,Cast
495,6,6,Craig,Stepp,Cast
496,5,11,Julia,Prud'homme,Cast
497,5,17,Jesse,Mackey,Cast
498,5,13,Jack,Krizmanich,Cast
499,5,19,Burr,Middleton,Cast
500,6,18,Carrie,Alexander,Cast
501,6,19,Michael,Rothhaar,Cast
502,6,12,Jamie,VanDyke,Cast
503,6,11,William,Charlton,Cast
504,,,Caroline,Hall,Cast
505,6,15,David,Scott,Cast
506,7,9,Barbara,Niven,Cast
507,7,7,Hal,Williams,Cast
508,7,5,Sean,Clements,Cast
509,2,4,Janet,Song,Cast
510,2,12,Nicholas,Bush,Cast
511,2,3,Fred,Ochs,Cast
512,2,17,Sara,Sanderson,Cast
513,2,15,Harley,Graham,Cast
514,2,21,Tonja,Kahlens,Cast
515,2,24,Marcus,Folmar,Cast
516,2,13,Rod,Britt,Cast
517,2,16,Carol,Black,Cast
518,4,1,Jazmyn,Simon,Cast
519,4,6,Jeryl,Prescott,Cast
520,4,7,Ashton,Bingham,Cast
521,4,4,Emily,Mills,Cast
522,4,8,Jeff,Holman,Cast
523,4,2,Robert,Machray,Cast
524,3,5,Rachael,Drummond,Cast
525,3,14,J.,Pena,Cast
526,4,3,Lila,Waters,Cast
527,3,3,Richard,Voigts,Cast
528,4,10,Denver,Smith,Cast
529,3,1,Erame,Okojie,Cast
530,5,8,Barbara,King,Cast
531,4,14,Kurt,Long,Cast
532,4,12,Janell,Winkler,Cast
533,5,4,Anne,Bellamy,Cast
534,4,19,Kate,Martin,Cast
535,5,3,Tyler,Anderson,Cast
536,5,2,Courtney,Cook,Cast
537,5,5,Lara,Ingraham,Cast
538,4,17,Angela,McEwan,Cast
539,5,7,Linda,Lodge,Cast
540,4,13,Kristin,Pfeifer,Cast
541,4,20,Lorenzo,Rosa,Cast
542,5,15,Jamie,Denbo,Cast
543,5,19,Jaime,Moyer,Cast
544,6,9,Megan,Amram,Cast
545,6,6,Alex,Calloway,Cast
546,6,3,Aisha,Muharrar,Cast
547,5,10,Newt,Gingrich,Cast
548,6,7,Dan,Owens,Cast
549,5,21,Allison,Poccia,Cast
550,5,17,Andie,Bolt,Cast
551,6,8,Adam,Vinatieri,Cast
552,6,15,Amber,Friendly,Cast
553,6,12,Kristin,Hensley,Cast
554,6,10,Dan,Cole,Cast
555,6,19,Teresa,Reilly,Cast
556,7,9,Chris,Gethard,Cast
557,7,5,Shulie,Cowen,Cast
558,2,4,Debra,Walsh,Cast
559,2,14,Jennifer,Hasty,Cast
560,2,24,Claudia,Choi,Cast
561,2,21,Craig,Irwin,Cast
562,2,17,Rebecca,Benson,Cast
563,3,12,Tina,Morasco,Cast
564,3,14,Todd,Berger,Cast
565,4,10,Robin,Thorsen,Cast
566,3,4,Kurt,Scholler,Cast
567,4,6,Katerina,Kopel,Cast
568,4,2,Chuck,Spitler,Cast
569,4,4,Penny,Moore,Cast
570,3,5,Kurt,Havlick,Cast
571,5,8,Teo,Briones,Cast
572,5,3,Hailey,Sole,Cast
573,4,12,Rick,Fitts,Cast
574,5,7,August,Emerson,Cast
575,4,14,Rogelio,Jr.,Cast
576,4,21,Avery,Phillips,Cast
577,4,17,Mitchell,Edmonds,Cast
578,5,2,Roderick,McCarthy,Cast
579,5,4,Marlena,Poles,Cast
580,4,13,Dave,Matos,Cast
581,6,9,Joseph,Buttler,Cast
582,5,13,Peter,Vogt,Cast
583,6,3,Poonam,Basu,Cast
584,6,5,Neil,Campbell,Cast
585,5,18,Donick,Cary,Cast
586,5,10,Kyle,Robinson,Cast
587,6,8,Anthony,Castonzo,Cast
588,6,15,Benjamin,Davis,Cast
589,6,10,Abbey,McBride,Cast
590,6,12,Kelly,Pendygraft,Cast
591,6,19,Scott,Morgan,Cast
592,6,16,Jeffrey,Hutchinson,Cast
593,7,5,Ava,Capri,Cast
594,7,7,Bob,Telford,Cast
595,2,12,Jonathan,Spencer,Cast
596,2,4,Judy,Fisher,Cast
597,2,13,Eric,Edwards,Cast
598,2,24,Deborah,Puette,Cast
599,2,21,Julie,Wittner,Cast
600,3,3,Jim,Hoffmaster,Cast
601,4,2,Greg,Worswick,Cast
602,4,3,Elizabeth,Sandy,Cast
603,3,4,Marc,Raducci,Cast
604,3,12,Steven,Meek,Cast
605,3,14,Donna,Silverberg,Cast
606,3,9,David,Henderson,Cast
607,5,2,Pete,Ploszek,Cast
608,4,17,Gloria,Henry,Cast
609,,,Mike,Hanford,Cast
610,5,9,Alexandra,Rushfield,Cast
611,4,20,Gustavo,Peña,Cast
612,4,12,Jenny,Phagan,Cast
613,5,5,Ryan,Radis,Cast
614,4,13,Polly,Humphreys,Cast
615,4,14,Craig,Woolson,Cast
616,4,21,Lukas,Martin,Cast
617,5,3,Cameron,Krugman,Cast
618,5,17,Clark,Freeman,Cast
619,5,15,Morgan,Brown,Cast
620,5,11,Zachary,Mitchell,Cast
621,6,9,Stacy,Allen,Cast
622,6,8,Robert,Mathis,Cast
623,6,7,Zoe,Belle,Cast
624,6,19,Rod,McCary,Cast
625,6,14,Jon,Carlo,Cast
626,6,15,Carole,Gutierrez,Cast
627,6,12,Tony,Forsmark,Cast
628,7,5,Tahlena,Chikami,Cast
629,7,11,Gil,Glasgow,Cast
630,7,7,Greta,Sesheta,Cast
631,2,4,Kate,Danley,Cast
632,2,24,Deb,Hiett,Cast
633,2,15,David,Hadinger,Cast
634,3,12,Damion,Poitier,Cast
635,3,3,Erin,Gibson,Cast
636,4,10,Claire,Titelman,Cast
637,,,Drew,Rausch,Cast
638,4,20,Liz,Benoit,Cast
639,5,9,Carol,Avery,Cast
640,4,13,Bill,Coelius,Cast
641,5,10,Iker,Amaya,Cast
642,5,18,Timothy,Hornor,Cast
643,6,7,Milton,Taylor,Cast
644,5,11,Chris,Kodama,Cast
645,5,12,Sarah,Bassak,Cast
646,6,16,Devin,Sidell,Cast
647,6,14,Josh,Breeding,Cast
648,6,19,Tyler,Nunes,Cast
649,7,5,Jimmy,Bellinger,Cast
650,7,6,Michael,Cassady,Cast
651,7,9,Darin,Toonder,Cast
652,7,7,Alanna,Boatright,Cast
653,7,11,Ian,Phillips,Cast
654,2,4,Monica,Smith,Cast
655,2,24,Emily,Adams,Cast
656,2,16,Anne,Johnson,Cast
657,3,9,Pat,Brown,Cast
658,4,12,Michael,Maccarone,Cast
659,5,10,David,Wells,Cast
660,5,12,Brendan,Jennings,Cast
661,5,16,Gary,Kraus,Cast
662,5,11,DJ,Clark,Cast
663,5,13,Michael,Eisenstein,Cast
664,6,16,Samantha,Sloyan,Cast
665,7,6,Darcy,Donavan,Cast
666,7,7,Louisa,Abernathy,Cast
667,7,5,Dalon,Holland,Cast
668,2,4,Andy,Allen,Cast
669,2,15,Brendan,Hunt,Cast
670,2,16,Lillian,Adams,Cast
671,2,21,David,Weisenberg,Cast
672,2,24,Izzy,Eggerling,Cast
673,3,9,Fred,Stoverink,Cast
674,5,5,Andy,Anderson,Cast
675,5,11,Augie,Isaac,Cast
676,5,10,Tim,Trobec,Cast
677,6,3,Jason,Duplissea,Cast
678,5,16,Christopher,Frontiero,Cast
679,7,7,Krystal,Harris,Cast
680,7,9,Caroline,Fogarty,Cast
681,7,6,Jen,Oda,Cast
682,7,5,Steve,Day,Cast
683,2,15,Michael,O'Hara,Cast
684,2,21,Mark,Dyer,Cast
685,3,9,Kathleen,Coyne,Cast
686,5,5,Donnell,Turner,Cast
687,5,12,Jimmy,Smagula,Cast
688,6,3,Patrick,Rafferty,Cast
689,5,16,Jelani,Quinn,Cast
690,5,10,Joe,Foust,Cast
691,6,16,Bonnie,Bailey-Reed,Cast
692,7,12,Horatio,Sanz,Cast
693,7,6,Kamala,Jones,Cast
694,7,7,Jamison,Reeves,Cast
695,3,9,Tonya,Cornelisse,Cast
696,5,5,Eric,Flenner,Cast
697,5,16,Jake,Elliott,Cast
698,6,8,Jay,Tapaoan,Cast
699,5,12,John,Colella,Cast
700,7,12,Eugene,Cordero,Cast
701,2,21,Tara,Jayn,Cast
702,3,9,Shawn,Parsons,Cast
703,6,8,Braeden,Baade,Cast
704,5,16,Max,Barakat,Cast
705,2,21,Gary,Rubenstein,Cast
706,5,12,Anne,Moody,Cast
707,2,21,Gregory,White,Cast
708,2,21,Amy,Shulman,Cast
709,7,12,Brendan,Ford,Cast
710,7,12,Kristen,Ariza,Cast
711,7,12,Galyn,Görg,Cast
712,7,12,Chloe,Ewing,Cast
713,7,12,Christian,Schick,Cast
714,7,12,Harrison,Schick,Cast
715,7,11,Bill,Murray,Cast
716,7,12,Jill,Biden,Cast
717,7,8,Madeleine,Albright,Cast
718,7,8,Cory,Booker,Cast
719,7,8,Kirsten,Gillibrand,Cast
720,7,8,Orrin,Hatch,Cast
721,7,12,Margaret,Newborn,Cast
721,7,9,Margaret,Newborn,Cast
721,7,8,Margaret,Newborn,Cast
721,7,7,Margaret,Newborn,Cast
721,7,5,Margaret,Newborn,Cast
721,7,2,Margaret,Newborn,Cast
722,5,20,William,Mulligan,Cast
722,5,9,William,Mulligan,Cast
722,,,William,Mulligan,Cast
722,4,20,William,Mulligan,Cast
722,4,11,William,Mulligan,Cast
723,7,3,Tia,Robinson,Cast
723,6,22,Tia,Robinson,Cast
723,6,19,Tia,Robinson,Cast
723,6,8,Tia,Robinson,Cast
724,5,17,Cary,Huff,Cast
724,4,17,Cary,Huff,Cast
724,2,11,Cary,Huff,Cast
725,7,8,Patrick,Weil,Cast
725,5,7,Patrick,Weil,Cast
725,2,24,Patrick,Weil,Cast
726,7,8,Jonathan,Black,Cast
726,4,17,Jonathan,Black,Cast
726,4,6,Jonathan,Black,Cast
727,7,8,Trevor,Hammonds,Cast
727,6,6,Trevor,Hammonds,Cast
727,5,14,Trevor,Hammonds,Cast
728,7,9,David,Briner,Cast
728,7,4,David,Briner,Cast
728,7,2,David,Briner,Cast
729,5,22,Anne,Giovanni,Cast
729,1,5,Anne,Giovanni,Cast
730,4,11,Waymond,Lee,Cast
730,1,2,Waymond,Lee,Cast
731,1,5,Dean,Francois,Cast
731,1,1,Dean,Francois,Cast
732,5,21,Clayton,Bright,Cast
732,4,14,Clayton,Bright,Cast
733,5,5,Jennifer,Powers,Cast
733,,,Jennifer,Powers,Cast
734,5,8,Valerie,Humbard,Cast
734,4,20,Valerie,Humbard,Cast
735,6,12,Caitlin,Carver,Cast
735,6,8,Caitlin,Carver,Cast
736,6,3,Matthew,Moore,Cast
736,5,22,Matthew,Moore,Cast
737,7,3,Sophie,Cook,Cast
737,6,22,Sophie,Cook,Cast
738,7,4,Danny,Belford,Cast
738,6,15,Danny,Belford,Cast
739,7,6,Mark,DeSalvo,Cast
739,,,Mark,DeSalvo,Cast
740,7,2,Nancy,Barcellona,Cast
740,6,15,Nancy,Barcellona,Cast
741,6,22,Stacey,Bender,Cast
741,6,21,Stacey,Bender,Cast
742,6,22,Selena,O'Sullivan,Cast
742,6,21,Selena,O'Sullivan,Cast
743,6,22,Aswad,Ali,Cast
743,6,21,Aswad,Ali,Cast
744,6,22,Katy,Marcella,Cast
744,6,21,Katy,Marcella,Cast
745,6,22,Steve,Wong,Cast
745,6,21,Steve,Wong,Cast
746,2,12,Rosanna,Pansino,Cast
747,1,2,Bianca,D'Ambrosio,Cast
748,1,2,Chiara,D'Ambrosio,Cast
749,2,8,Matthew,Herington,Cast
750,1,2,Jonathan,Eisley,Cast
751,1,5,Arne,Starr,Cast
752,2,12,Jennifer,O'Hara,Cast
753,2,7,Mellissa,McBride,Cast
754,1,5,Rick,Dean,Cast
755,2,4,Ronn,Burner,Cast
756,2,2,Michael,Mallory,Cast
757,2,5,Brian,Harvey,Cast
758,1,5,Michael,Breen,Cast
759,2,6,Bonita,Dorssom,Cast
760,2,12,Kevan,Peterson,Cast
761,2,3,Tania,Pilar,Cast
762,1,2,Fran,Severini,Cast
763,1,4,Theron,Harrison,Cast
764,2,4,Maxine,Hayden,Cast
765,2,7,Sean,LoGrasso,Cast
766,2,3,Louisa,Dienst,Cast
767,1,2,Sandra,Daubert,Cast
768,1,2,Zoe,Bolden,Cast
769,2,5,Linda,Wörndl,Cast
770,2,11,Falene,Nurse,Cast
771,2,23,Anastasia,Ganias,Cast
772,2,20,Lily,Cade,Cast
773,2,24,Jade,Holden,Cast
774,2,16,Bob,Larkin,Cast
775,2,24,Veronnica,Avila,Cast
776,2,22,Sara,Pallini,Cast
777,2,13,Felicia,Chong,Cast
778,2,23,Ashley,Martin,Cast
779,2,19,Ramani,Leah,Cast
780,2,20,Dana,Frances,Cast
781,2,14,Tim,Weske,Cast
782,2,13,Loretta,Shenosky,Cast
783,2,22,Randy,Masters,Cast
784,2,24,Julia,Mazzucato,Cast
785,2,13,Michael,Templeton,Cast
786,2,22,Jonathon,Downs,Cast
787,2,15,Ray,Starmann,Cast
788,2,14,Sandra,Medina,Cast
789,2,22,Philip,Ongert,Cast
790,2,17,Carrie,Poyer,Cast
791,2,22,Kasey,Shirk,Cast
792,2,23,Amelie,Romanet,Cast
793,2,17,Shauna,Markey,Cast
794,2,24,Destiny,Mason,Cast
795,3,15,Dana,Gould,Cast
796,3,10,Terryn,Westbrook,Cast
797,3,12,Alan,Bagh,Cast
798,3,16,Cici,Campbell,Cast
799,3,13,Julie,Roy,Cast
800,3,3,Hayley,O'Connor,Cast
801,4,8,Robert,McMurrer,Cast
802,4,10,Caroline,O'Neil,Cast
803,3,2,Maria,Zambrana,Cast
804,3,5,Leslie,Taylor,Cast
805,4,8,Tim,Padilla,Cast
806,4,7,Cody,Bondurant,Cast
807,4,7,Zachary,Spilkoman,Cast
808,3,9,Jackie,Ganz,Cast
809,4,6,Steven,Whitmore,Cast
810,3,13,Sylvia,Sims-Linkish,Cast
811,3,2,Russ,Croley,Cast
812,4,7,Jan-Michael,Rosner,Cast
813,3,4,Philippe,Badreau,Cast
814,4,5,Brian,Katz,Cast
815,4,5,Chrystale,Davis,Cast
816,4,5,Ramon,Calzada,Cast
817,4,5,Moni,Akiwowo,Cast
818,4,5,Chanelle,Lyn,Cast
819,3,16,Mandolyn,McIntyre,Cast
820,4,7,Richard,Centeno,Cast
821,4,7,Surge,,Cast
822,3,3,Robert,Rueda,Cast
823,4,17,Stephen,Stanton,Cast
824,4,17,Jesse,Heiman,Cast
825,4,21,Nicole,Shipley,Cast
826,4,17,Kerri,Higuchi,Cast
827,4,17,Connor,Barrett,Cast
828,4,11,Kurt,Koehler,Cast
829,5,1,Lisa,Rodriguez,Cast
830,4,21,Ron,Young,Cast
831,4,14,Jonathan,Coulton,Cast
832,5,3,Tyler,Schnabel,Cast
833,,,Ja'Quan,Cole,Cast
834,5,1,Al,Sotto,Cast
835,5,5,Marc,Abbink,Cast
836,5,1,Kimelia,Smith,Cast
837,5,4,Greg,Yoder,Cast
838,5,1,Brian,Foreman,Cast
839,5,3,Mary,Eversole,Cast
840,5,7,Chris,Conlon,Cast
841,4,21,Shannon,Berry,Cast
842,5,1,Olympia,Snowe,Cast
843,5,2,Jesse,Keen,Cast
844,4,14,Steven,Stanton,Cast
845,4,14,Ryan,Evans,Cast
846,4,20,Brady,Cook,Cast
847,4,17,Anne,Scott,Cast
848,4,11,Terry,Smith,Cast
849,5,6,David,Peters,Cast
850,5,1,Timothy,Buck,Cast
851,4,14,Megan,Harwick,Cast
852,4,14,Zoe,Sharpe,Cast
853,5,1,Alan,Davis,Cast
854,5,1,Neal,McNeil,Cast
855,5,9,Marnie,Bozdog,Cast
856,6,9,Tucker,Brown,Cast
857,5,22,Leila,Rose,Cast
858,6,2,Andrew,Ableson,Cast
859,5,22,Mino,Mackic,Cast
860,6,1,Hugh,O'Brien,Cast
861,6,1,Pamela,Lundquist,Cast
862,5,10,Rob,Deas,Cast
863,6,3,Rowdy,Brown,Cast
864,6,1,Phil,Miler,Cast
865,6,3,Elizabeth,Stocks,Cast
866,5,17,Johnny,Bazaldua,Cast
867,5,10,Matthew,Allen,Cast
868,6,9,Kyle,Cartieri,Cast
869,5,22,Michael,Eauslin,Cast
870,6,9,Keri,Thompson,Cast
871,5,22,Cindy,Buck,Cast
872,5,11,Samuel,Goldman,Cast
873,5,22,Jack,Burrows,Cast
874,5,22,Christian,O'Brien,Cast
875,5,14,Patrick,Wynne,Cast
876,5,21,Pamela,Royce,Cast
877,5,15,Cheyenne,Nugent,Cast
878,6,6,Antonina,Henderson,Cast
879,5,10,Leslie,Gunning,Cast
880,5,14,James,Defalco,Cast
881,5,22,Christopher,Clausi,Cast
882,6,1,Kay,Koralisse,Cast
883,5,16,Corinne,Donnelly,Cast
884,5,14,Alexandria,Tyson,Cast
885,6,3,Chris,Valentine,Cast
886,5,15,Damond,Easterwood,Cast
887,5,10,Ashley,Shewell,Cast
888,5,10,Miles,Plumlee,Cast
889,5,22,Mari,Darley-Usmar,Cast
890,6,3,Amber,Hunt,Cast
891,5,12,Daryl,Deino,Cast
892,5,10,Andrea,Morehead,Cast
893,5,17,Brenna,Lampson,Cast
894,6,12,Rachael,Markarian,Cast
895,6,14,Nancy,DeMars,Cast
896,6,14,Christina,Webb,Cast
897,2,16,Tara,Hotchkis,Cast
898,6,15,Kelly,Bacon,Cast
899,6,19,Phoenix,Cirillo,Cast
900,6,19,Jane,Osborn,Cast
901,6,10,Silawn,Lewis,Cast
902,6,21,Annette,Moore,Cast
903,6,13,Jenna,Osterlund,Cast
904,6,21,Benjamin,Pitz,Cast
905,6,21,Natalie,Aguilar,Cast
906,6,18,Lisa,Tynes,Cast
907,,,Chris,Ghandour,Cast
908,6,22,Brandon,McCulloch,Cast
909,6,18,Alexei,Petrov,Cast
910,6,12,Michael,Beeler,Cast
911,6,12,Marilyn,Mattor,Cast
912,6,16,Chris,Kelley,Cast
913,6,18,Daniel,McDonald,Cast
914,6,18,Samantha,O'Mara-Mezzano,Cast
915,7,8,Sam,Lukowski,Cast
916,7,6,Jermain,Hollman,Cast
917,7,12,David,Bickford,Cast
918,7,1,Tatyana,Saba,Cast
919,7,2,Sandy,Piña,Cast
920,7,1,Bruce,Stockert,Cast
921,7,1,Craig,Tovey,Cast
922,7,12,Courtney,Lynn,Cast
923,7,5,Chuck,Lawson,Cast
924,7,7,Marty,Kimble,Cast
925,7,10,Kimberly,Wannop,Cast
926,7,10,Ben,Guenther,Cast
927,7,5,Andrew,Dinh,Cast
928,7,11,Marilyn,Monrovia,Cast
929,7,7,Armond,Dorsey,Cast
930,7,11,Vincent,Biscione,Cast
931,7,12,DeMarco,Davis,Cast
932,7,12,Blanca,Pineda,Cast
933,7,12,Karen,Teune,Cast
934,7,5,Buck,Acosta,Cast
935,7,2,Gary,Golden,Cast
936,7,12,D.,Faulkner,Cast
937,7,12,Jessica,Tripp,Cast
938,7,5,Jon,Zepp,Cast
939,7,12,Martin,Cremer,Cast
940,7,5,Robert,Hellen,Cast
941,7,9,Gabriel,Baca,Cast
942,7,7,Ebony,Burks,Cast
943,7,9,Annie,Sims,Cast
944,1,1,Greg,Daniels,written_by
945,1,1,Michael,Schur,written_by
945,1,2,Michael,Schur,written_by
945,1,3,Michael,Schur,written_by
945,1,4,Michael,Schur,written_by
945,1,5,Michael,Schur,written_by
945,1,6,Michael,Schur,written_by
945,2,1,Michael,Schur,written_by
945,2,2,Michael,Schur,written_by
945,2,3,Michael,Schur,written_by
945,2,4,Michael,Schur,written_by
945,2,5,Michael,Schur,written_by
945,2,6,Michael,Schur,written_by
945,2,7,Michael,Schur,written_by
945,2,8,Michael,Schur,written_by
945,2,9,Michael,Schur,written_by
945,2,10,Michael,Schur,written_by
945,2,11,Michael,Schur,written_by
945,2,12,Michael,Schur,written_by
945,2,13,Michael,Schur,written_by
945,2,14,Michael,Schur,written_by
945,2,15,Michael,Schur,written_by
945,2,16,Michael,Schur,written_by
945,2,17,Michael,Schur,written_by
945,2,18,Michael,Schur,written_by
945,2,19,Michael,Schur,written_by
945,2,20,Michael,Schur,written_by
945,2,21,Michael,Schur,written_by
945,2,22,Michael,Schur,written_by
945,2,23,Michael,Schur,written_by
945,2,24,Michael,Schur,written_by
945,3,1,Michael,Schur,written_by
945,3,2,Michael,Schur,written_by
945,3,3,Michael,Schur,written_by
945,3,4,Michael,Schur,written_by
945,3,5,Michael,Schur,written_by
945,3,6,Michael,Schur,written_by
945,3,7,Michael,Schur,written_by
945,3,8,Michael,Schur,written_by
945,3,9,Michael,Schur,written_by
945,3,10,Michael,Schur,written_by
945,3,11,Michael,Schur,written_by
945,3,12,Michael,Schur,written_by
945,3,13,Michael,Schur,written_by
945,3,14,Michael,Schur,written_by
412,3,15,Greg,Levine,written_by
946,3,15,Brian,Rowe,written_by
946,3,16,Brian,Rowe,written_by
946,4,1,Brian,Rowe,written_by
946,4,2,Brian,Rowe,written_by
946,4,3,Brian,Rowe,written_by
946,4,4,Brian,Rowe,written_by
946,4,5,Brian,Rowe,written_by
946,4,6,Brian,Rowe,written_by
946,4,7,Brian,Rowe,written_by
946,4,8,Brian,Rowe,written_by
947,4,9,Dan,Goor,written_by
945,4,9,Michael,Schur,written_by
945,4,10,Michael,Schur,written_by
945,4,11,Michael,Schur,written_by
945,4,12,Michael,Schur,written_by
945,4,13,Michael,Schur,written_by
945,4,14,Michael,Schur,written_by
945,4,15,Michael,Schur,written_by
945,4,16,Michael,Schur,written_by
945,4,17,Michael,Schur,written_by
945,4,18,Michael,Schur,written_by
162,4,19,Dave,King,written_by
352,4,19,Chelsea,Peretti,written_by
352,4,20,Chelsea,Peretti,written_by
546,4,21,Aisha,Muharrar,written_by
23,4,21,Alan,Yang,written_by
23,4,22,Alan,Yang,written_by
23,5,1,Alan,Yang,written_by
23,5,2,Alan,Yang,written_by
23,5,3,Alan,Yang,written_by
23,5,4,Alan,Yang,written_by
23,5,5,Alan,Yang,written_by
23,5,6,Alan,Yang,written_by
23,5,7,Alan,Yang,written_by
23,5,8,Alan,Yang,written_by
544,5,9,Megan,Amram,written_by
546,5,9,Aisha,Muharrar,written_by
546,5,10,Aisha,Muharrar,written_by
546,5,11,Aisha,Muharrar,written_by
546,5,12,Aisha,Muharrar,written_by
948,5,13,Norm,Hiscock,written_by
58,5,13,Joe,Mande,written_by
945,5,14,Michael,Schur,written_by
23,5,14,Alan,Yang,written_by
23,5,15,Alan,Yang,written_by
23,5,16,Alan,Yang,written_by
23,5,17,Alan,Yang,written_by
23,5,18,Alan,Yang,written_by
23,5,19,Alan,Yang,written_by
948,5,20,Norm,Hiscock,written_by
546,5,20,Aisha,Muharrar,written_by
58,5,21,Joe,Mande,written_by
23,5,21,Alan,Yang,written_by
23,5,22,Alan,Yang,written_by
23,6,1,Alan,Yang,written_by
23,6,2,Alan,Yang,written_by
23,6,3,Alan,Yang,written_by
23,6,4,Alan,Yang,written_by
23,6,5,Alan,Yang,written_by
23,6,6,Alan,Yang,written_by
23,6,7,Alan,Yang,written_by
23,6,8,Alan,Yang,written_by
23,6,9,Alan,Yang,written_by
1,6,10,Amy,Poehler,written_by
945,6,10,Michael,Schur,written_by
945,6,11,Michael,Schur,written_by
945,6,12,Michael,Schur,written_by
546,6,13,Aisha,Muharrar,written_by
945,6,13,Michael,Schur,written_by
945,6,14,Michael,Schur,written_by
945,6,15,Michael,Schur,written_by
23,6,16,Alan,Yang,written_by
949,6,16,Sam,Means,written_by
950,6,17,Emma,Fletcher,written_by
951,6,17,Rachna,Fruchbom,written_by
952,6,18,Matt,Murray,written_by
37,6,18,Harris,Wittels,written_by
544,6,19,Megan,Amram,written_by
162,6,19,Dave,King,written_by
585,6,20,Donick,Cary,written_by
58,6,20,Joe,Mande,written_by
546,6,21,Aisha,Muharrar,written_by
23,6,21,Alan,Yang,written_by
546,6,22,Aisha,Muharrar,written_by
23,6,22,Alan,Yang,written_by
23,7,1,Alan,Yang,written_by
952,7,1,Matt,Murray,written_by
952,7,2,Matt,Murray,written_by
952,7,3,Matt,Murray,written_by
952,7,4,Matt,Murray,written_by
952,7,5,Matt,Murray,written_by
952,7,6,Matt,Murray,written_by
952,7,7,Matt,Murray,written_by
952,7,8,Matt,Murray,written_by
950,7,9,Emma,Fletcher,written_by
951,7,9,Rachna,Fruchbom,written_by
951,7,10,Rachna,Fruchbom,written_by
951,7,11,Rachna,Fruchbom,written_by
945,7,12,Michael,Schur,written_by
1,7,12,Amy,Poehler,written_by
945,7,13,Michael,Schur,written_by
1,7,13,Amy,Poehler,written_by
1,1,1,Amy,Poehler,directed_by
1,1,2,Amy,Poehler,directed_by
1,1,3,Amy,Poehler,directed_by
1,1,4,Amy,Poehler,directed_by
1,1,5,Amy,Poehler,directed_by
1,1,6,Amy,Poehler,directed_by
1,2,1,Amy,Poehler,directed_by
1,2,2,Amy,Poehler,directed_by
1,2,3,Amy,Poehler,directed_by
1,2,4,Amy,Poehler,directed_by
1,2,5,Amy,Poehler,directed_by
1,2,6,Amy,Poehler,directed_by
1,2,7,Amy,Poehler,directed_by
1,2,8,Amy,Poehler,directed_by
1,2,9,Amy,Poehler,directed_by
1,2,10,Amy,Poehler,directed_by
1,2,11,Amy,Poehler,directed_by
1,2,12,Amy,Poehler,directed_by
1,2,13,Amy,Poehler,directed_by
1,2,14,Amy,Poehler,directed_by
1,2,15,Amy,Poehler,directed_by
1,2,16,Amy,Poehler,directed_by
1,2,17,Amy,Poehler,directed_by
1,2,18,Amy,Poehler,directed_by
1,2,19,Amy,Poehler,directed_by
1,2,20,Amy,Poehler,directed_by
1,2,21,Amy,Poehler,directed_by
1,2,22,Amy,Poehler,directed_by
1,2,23,Amy,Poehler,directed_by
1,2,24,Amy,Poehler,directed_by
1,3,1,Amy,Poehler,directed_by
1,3,2,Amy,Poehler,directed_by
1,3,3,Amy,Poehler,directed_by
1,3,4,Amy,Poehler,directed_by
1,3,5,Amy,Poehler,directed_by
1,3,6,Amy,Poehler,directed_by
1,3,7,Amy,Poehler,directed_by
1,3,8,Amy,Poehler,directed_by
1,3,9,Amy,Poehler,directed_by
1,3,10,Amy,Poehler,directed_by
1,3,11,Amy,Poehler,directed_by
1,3,12,Amy,Poehler,directed_by
1,3,13,Amy,Poehler,directed_by
1,3,14,Amy,Poehler,directed_by
1,3,15,Amy,Poehler,directed_by
1,3,16,Amy,Poehler,directed_by
1,4,1,Amy,Poehler,directed_by
1,4,2,Amy,Poehler,directed_by
1,4,3,Amy,Poehler,directed_by
1,4,4,Amy,Poehler,directed_by
1,4,5,Amy,Poehler,directed_by
1,4,6,Amy,Poehler,directed_by
1,4,7,Amy,Poehler,directed_by
1,4,8,Amy,Poehler,directed_by
1,4,9,Amy,Poehler,directed_by
1,4,10,Amy,Poehler,directed_by
1,4,11,Amy,Poehler,directed_by
1,4,12,Amy,Poehler,directed_by
1,4,13,Amy,Poehler,directed_by
1,4,14,Amy,Poehler,directed_by
1,4,15,Amy,Poehler,directed_by
1,4,16,Amy,Poehler,directed_by
1,4,17,Amy,Poehler,directed_by
1,4,18,Amy,Poehler,directed_by
1,4,19,Amy,Poehler,directed_by
1,4,20,Amy,Poehler,directed_by
1,4,21,Amy,Poehler,directed_by
1,4,22,Amy,Poehler,directed_by
1,5,1,Amy,Poehler,directed_by
1,5,2,Amy,Poehler,directed_by
1,5,3,Amy,Poehler,directed_by
1,5,4,Amy,Poehler,directed_by
1,5,5,Amy,Poehler,directed_by
1,5,6,Amy,Poehler,directed_by
1,5,7,Amy,Poehler,directed_by
1,5,8,Amy,Poehler,directed_by
1,5,9,Amy,Poehler,directed_by
1,5,10,Amy,Poehler,directed_by
1,5,11,Amy,Poehler,directed_by
1,5,12,Amy,Poehler,directed_by
1,5,13,Amy,Poehler,directed_by
1,5,14,Amy,Poehler,directed_by
1,5,15,Amy,Poehler,directed_by
1,5,16,Amy,Poehler,directed_by
1,5,17,Amy,Poehler,directed_by
1,5,18,Amy,Poehler,directed_by
1,5,19,Amy,Poehler,directed_by
1,5,20,Amy,Poehler,directed_by
1,5,21,Amy,Poehler,directed_by
1,5,22,Amy,Poehler,directed_by
1,6,1,Amy,Poehler,directed_by
1,6,2,Amy,Poehler,directed_by
1,6,3,Amy,Poehler,directed_by
1,6,4,Amy,Poehler,directed_by
1,6,5,Amy,Poehler,directed_by
1,6,6,Amy,Poehler,directed_by
1,6,7,Amy,Poehler,directed_by
1,6,8,Amy,Poehler,directed_by
1,6,9,Amy,Poehler,directed_by
1,6,10,Amy,Poehler,directed_by
1,6,11,Amy,Poehler,directed_by
1,6,12,Amy,Poehler,directed_by
1,6,13,Amy,Poehler,directed_by
1,6,14,Amy,Poehler,directed_by
1,6,15,Amy,Poehler,directed_by
1,6,16,Amy,Poehler,directed_by
1,6,17,Amy,Poehler,directed_by
1,6,18,Amy,Poehler,directed_by
1,6,19,Amy,Poehler,directed_by
1,6,20,Amy,Poehler,directed_by
1,6,21,Amy,Poehler,directed_by
1,6,22,Amy,Poehler,directed_by
1,7,1,Amy,Poehler,directed_by
1,7,2,Amy,Poehler,directed_by
1,7,3,Amy,Poehler,directed_by
1,7,4,Amy,Poehler,directed_by
1,7,5,Amy,Poehler,directed_by
1,7,6,Amy,Poehler,directed_by
1,7,7,Amy,Poehler,directed_by
1,7,8,Amy,Poehler,directed_by
1,7,9,Amy,Poehler,directed_by
1,7,10,Amy,Poehler,directed_by
1,7,11,Amy,Poehler,directed_by
1,7,12,Amy,Poehler,directed_by
1,7,13,Amy,Poehler,directed_by